schulnummer,schulname,school_type,schulart,traegerschaft,gruendungsjahr,strasse,plz,ortsteil,bezirk,telefon,email,website,leitung,sprachen,abitur_durchschnitt_2024,abitur_durchschnitt_2023,abitur_durchschnitt_2025,abitur_erfolgsquote_2024,abitur_erfolgsquote_2025,msa_notendurchschnitt_bezirk_2024,msa_bestehensquote_bezirk_2024,msa_plus_quote_bezirk_2024,msa_teilnehmer_bezirk_2024,msa_notendurchschnitt_bezirk_2023,msa_bestehensquote_bezirk_2023,msa_plus_quote_bezirk_2023,msa_teilnehmer_bezirk_2023,notendurchschnitt_unified_2024,notendurchschnitt_unified_2023,leistungsdaten_quelle,besonderheiten,nachfrage_plaetze_2025_26,nachfrage_wuensche_2025_26,nachfrage_prozent_2025_26,nachfrage_plaetze_2024_25,nachfrage_wuensche_2024_25,belastungsstufe,migration_2024_25,migration_2023_24,latitude,longitude,metadata_source,traffic_avg_cars_per_hour,traffic_avg_bikes_per_hour,traffic_avg_pedestrians_per_hour,traffic_v85_speed,traffic_sensor_distance_m,traffic_sensor_count,traffic_data_source,transit_rail_01_name,transit_rail_01_distance_m,transit_rail_01_latitude,transit_rail_01_longitude,transit_rail_01_lines,transit_rail_02_name,transit_rail_02_distance_m,transit_rail_02_latitude,transit_rail_02_longitude,transit_rail_02_lines,transit_rail_03_name,transit_rail_03_distance_m,transit_rail_03_latitude,transit_rail_03_longitude,transit_rail_03_lines,transit_tram_01_name,transit_tram_01_distance_m,transit_tram_01_latitude,transit_tram_01_longitude,transit_tram_01_lines,transit_tram_02_name,transit_tram_02_distance_m,transit_tram_02_latitude,transit_tram_02_longitude,transit_tram_02_lines,transit_tram_03_name,transit_tram_03_distance_m,transit_tram_03_latitude,transit_tram_03_longitude,transit_tram_03_lines,transit_bus_01_name,transit_bus_01_distance_m,transit_bus_01_latitude,transit_bus_01_longitude,transit_bus_01_lines,transit_bus_02_name,transit_bus_02_distance_m,transit_bus_02_latitude,transit_bus_02_longitude,transit_bus_02_lines,transit_bus_03_name,transit_bus_03_distance_m,transit_bus_03_latitude,transit_bus_03_longitude,transit_bus_03_lines,transit_stop_count_1000m,transit_all_lines_1000m,transit_accessibility_score,poi_supermarket_count_500m,poi_supermarket_01_name,poi_supermarket_01_address,poi_supermarket_01_distance_m,poi_supermarket_01_latitude,poi_supermarket_01_longitude,poi_supermarket_02_name,poi_supermarket_02_address,poi_supermarket_02_distance_m,poi_supermarket_02_latitude,poi_supermarket_02_longitude,poi_supermarket_03_name,poi_supermarket_03_address,poi_supermarket_03_distance_m,poi_supermarket_03_latitude,poi_supermarket_03_longitude,poi_restaurant_count_500m,poi_bakery_cafe_count_500m,poi_bakery_cafe_01_name,poi_bakery_cafe_01_address,poi_bakery_cafe_01_distance_m,poi_bakery_cafe_01_latitude,poi_bakery_cafe_01_longitude,poi_bakery_cafe_02_name,poi_bakery_cafe_02_address,poi_bakery_cafe_02_distance_m,poi_bakery_cafe_02_latitude,poi_bakery_cafe_02_longitude,poi_bakery_cafe_03_name,poi_bakery_cafe_03_address,poi_bakery_cafe_03_distance_m,poi_bakery_cafe_03_latitude,poi_bakery_cafe_03_longitude,poi_kita_count_500m,poi_kita_01_name,poi_kita_01_address,poi_kita_01_distance_m,poi_kita_01_latitude,poi_kita_01_longitude,poi_kita_02_name,poi_kita_02_address,poi_kita_02_distance_m,poi_kita_02_latitude,poi_kita_02_longitude,poi_kita_03_name,poi_kita_03_address,poi_kita_03_distance_m,poi_kita_03_latitude,poi_kita_03_longitude,poi_secondary_school_count_500m,poi_secondary_school_01_name,poi_secondary_school_01_address,poi_secondary_school_01_distance_m,poi_secondary_school_01_latitude,poi_secondary_school_01_longitude,poi_secondary_school_02_name,poi_secondary_school_02_address,poi_secondary_school_02_distance_m,poi_secondary_school_02_latitude,poi_secondary_school_02_longitude,poi_secondary_school_03_name,poi_secondary_school_03_address,poi_secondary_school_03_distance_m,poi_secondary_school_03_latitude,poi_secondary_school_03_longitude,poi_park_playground_count_500m,poi_park_playground_01_name,poi_park_playground_01_address,poi_park_playground_01_distance_m,poi_park_playground_01_latitude,poi_park_playground_01_longitude,poi_park_playground_02_name,poi_park_playground_02_address,poi_park_playground_02_distance_m,poi_park_playground_02_latitude,poi_park_playground_02_longitude,poi_park_playground_03_name,poi_park_playground_03_address,poi_park_playground_03_distance_m,poi_park_playground_03_latitude,poi_park_playground_03_longitude,description,most_similar_school_no_01,most_similar_school_no_02,most_similar_school_no_03,crime_total_crimes_2023,crime_robbery_2023,crime_street_robbery_2023,crime_assault_2023,crime_aggravated_assault_2023,crime_threats_coercion_2023,crime_bike_theft_2023,crime_drug_offenses_2023,crime_neighborhood_crimes_2023,crime_total_crimes_2024,crime_robbery_2024,crime_street_robbery_2024,crime_assault_2024,crime_aggravated_assault_2024,crime_threats_coercion_2024,crime_bike_theft_2024,crime_drug_offenses_2024,crime_neighborhood_crimes_2024,crime_total_crimes_avg,crime_robbery_avg,crime_street_robbery_avg,crime_assault_avg,crime_aggravated_assault_avg,crime_threats_coercion_avg,crime_bike_theft_avg,crime_drug_offenses_avg,crime_neighborhood_crimes_avg,crime_total_crimes_yoy_pct,crime_robbery_yoy_pct,crime_street_robbery_yoy_pct,crime_assault_yoy_pct,crime_aggravated_assault_yoy_pct,crime_threats_coercion_yoy_pct,crime_bike_theft_yoy_pct,crime_drug_offenses_yoy_pct,crime_neighborhood_crimes_yoy_pct,crime_violent_crime_avg,crime_safety_rank,crime_safety_category,schueler_2024_25,lehrer_2024_25,schueler_2023_24,lehrer_2023_24,bundesland,crime_aufklaerungsquote_2023,crime_bezirk_index,crime_bezirk_population,crime_data_source,crime_diebstahl_fahrrad_2023,crime_diebstahl_fahrrad_2023_rate_per_100k,crime_haeufigkeitszahl_2023,crime_koerperverletzung_2023,crime_koerperverletzung_2023_rate_per_100k,crime_stadt,crime_straftaten_2023,crime_straftaten_2023_rate_per_100k,crime_strassenraub_2023,crime_strassenraub_2023_rate_per_100k,crime_wohnungseinbruch_2023,crime_wohnungseinbruch_2023_rate_per_100k,data_retrieved,data_source,fax,ort,schulleitung,stadt,traffic_accidents_bicycle,traffic_accidents_fatal,traffic_accidents_minor,traffic_accidents_pedestrian,traffic_accidents_per_year,traffic_accidents_school_hours,traffic_accidents_serious,traffic_accidents_total,traffic_data_years,traffic_nearest_accident_m,transit_stops_500m,tuition_display
STG-P-0001,Fasanenhofschule Grundschule,primary,Grundschule,Öffentlich,,Markus-Schleicher-Str. 15,70565,Vaihingen,Vaihingen,4971121657970.0,poststelle@04121198.schule.bwl.de,http://www.fasanenhofschule-stuttgart.com/,,,,,,,,,,,,,,,,,,N/A,,,,,,,,,,48.71209,9.15659,jedeschule.codefor.de + Stuttgart Schulwegweiser PDF,,,,,,,Unfallatlas,U-Bahn (48.7175),1278,48.7174685,9.1411963,,Leinfelden,1990,48.6966965,9.1427508,,Oberaichen,2281,48.7052607,9.1272836,,Europaplatz,272,48.7121821,9.1602889,,Fasanenhof (Bonhoefferkirche),325,48.7103671,9.1530074,,EnBW City,798,48.7117374,9.1674598,,Freytagweg,274,48.7096323,9.1568826,,Kurt-Schumacher-Straße,307,48.7122043,9.1524148,,Fasanenhof,313,48.7106224,9.1529576,,26,,50.0,,,,,,,,,,,,,,,,,,,,,,,,,,,,,,,,,,,,,,,,,,,,,,,,,,,,,,,,,,,,,,,,,,,,,,,,,,,,,,,,,,,,,,3396,,24,339,,,175,,,,,,,,,,,,,,,,,,,,,,,,,,,,,,,3.0,Sehr sicher,,,,,Baden-Württemberg,52.3,0.7,44850,bezirk_estimated,175,389.3,7571.9,339,756.8,Stuttgart,3396,7571.9,24,54.1,60,133.8,2026-04-06,jedeschule.codefor.de,4971121657971.0,Stuttgart,"Konzelmann, Corinna",Stuttgart,3,0,8,2,2.7,5,0,8,"2024,2023,2022",131,17,Kostenfrei (öffentliche Schule)
STG-P-0002,Grundschule Kaltental,primary,Grundschule,Öffentlich,,Fuchswaldstr. 43,70569,Vaihingen,Vaihingen,4971121634400.0,poststelle@04121216.schule.bwl.de,,,,,,,,,,,,,,,,,,,N/A,,,,,,,,,,48.74342,9.13176,jedeschule.codefor.de + Stuttgart Schulwegweiser PDF,,,,,,,Unfallatlas,Stuttgart Österfeld,1284,48.7375038,9.1167264,,U-Bahn (48.7442),1861,48.7441968,9.1064073,,U-Bahn (48.7445),1878,48.744467,9.1061977,,Waldeck,250,48.7448321,9.1344062,,Kaltental,439,48.7396556,9.1299508,,Engelboldstraße,687,48.7376993,9.1282135,,Waldeck,221,48.7452737,9.1328568,,Kaltental,362,48.740274,9.1304719,,Im Elsental,392,48.7446858,9.126768,,31,,50.0,,,,,,,,,,,,,,,,,,,,,,,,,,,,,,,,,,,,,,,,,,,,,,,,,,,,,,,,,,,,,,,,,,,,,,,,,,,,,,,,,,,,,,3396,,24,339,,,175,,,,,,,,,,,,,,,,,,,,,,,,,,,,,,,3.0,Sehr sicher,,,,,Baden-Württemberg,52.3,0.7,44850,bezirk_estimated,175,389.3,7571.9,339,756.8,Stuttgart,3396,7571.9,24,54.1,60,133.8,2026-04-06,jedeschule.codefor.de,4971121634401.0,Stuttgart,"Skrzypek, Katja",Stuttgart,15,0,20,1,7.0,11,1,21,"2024,2023,2022",233,17,Kostenfrei (öffentliche Schule)
STG-P-0003,Österfeldschule Grundschule Stuttgart-Vaihingen,primary,Grundschule,Öffentlich,,Liasweg 4,70563,Vaihingen,Vaihingen,4971121660450.0,,,,,,,,,,,,,,,,,,,,N/A,,,,,,,,,,48.73271,9.12223,jedeschule.codefor.de + Stuttgart Schulwegweiser PDF,,,,,,,Unfallatlas,Stuttgart Österfeld,669,48.7375038,9.1167264,,Stuttgart-Vaihingen,961,48.7264626,9.1131764,,U-Bahn (48.7442),1726,48.7441968,9.1064073,,Vaihingen Viadukt,263,48.7332592,9.1187471,,Fauststraße,528,48.7319027,9.1151364,,Jurastraße,557,48.7289486,9.1172043,,Wallgraben,449,48.7294391,9.1258119,,Fanny-Leicht-Straße,494,48.72986,9.1170556,,Fauststraße,525,48.7317796,9.1152171,,49,,40.0,,,,,,,,,,,,,,,,,,,,,,,,,,,,,,,,,,,,,,,,,,,,,,,,,,,,,,,,,,,,,,,,,,,,,,,,,,,,,,,,,,,,,,3396,,24,339,,,175,,,,,,,,,,,,,,,,,,,,,,,,,,,,,,,3.0,Sehr sicher,,,,,Baden-Württemberg,52.3,0.7,44850,bezirk_estimated,175,389.3,7571.9,339,756.8,Stuttgart,3396,7571.9,24,54.1,60,133.8,2026-04-06,jedeschule.codefor.de,,Stuttgart,,Stuttgart,19,0,24,1,8.7,15,2,26,"2024,2023,2022",172,4,Kostenfrei (öffentliche Schule)
STG-P-0004,Riedseeschule Grundschule Stuttgart-Möhringen,primary,Grundschule,Öffentlich,,Vaihinger Str. 28,70567,Möhringen,Möhringen,4971121633800.0,,,,,,,,,,,,,,,,,,,,N/A,,,,,,,,,,48.72868,9.1491,jedeschule.codefor.de + Stuttgart Schulwegweiser PDF,,,,,,,Unfallatlas,U-Bahn (48.7175),1375,48.7174685,9.1411963,,Stuttgart Österfeld,2569,48.7375038,9.1167264,,U-Bahn (48.7485),2597,48.748473,9.167888,,Möhringen Bahnhof,264,48.7305833,9.1469571,,Sigmaringer Straße,303,48.7287206,9.1532295,,Riedsee,489,48.7329786,9.1505075,,Bus (48.7281),101,48.7280846,9.1501421,,Rembrandtstraße,109,48.7280598,9.1502447,,Filderbahnstraße,165,48.7281442,9.1470076,,31,,70.0,,,,,,,,,,,,,,,,,,,,,,,,,,,,,,,,,,,,,,,,,,,,,,,,,,,,,,,,,,,,,,,,,,,,,,,,,,,,,,,,,,,,,,2461,,18,246,,,127,,,,,,,,,,,,,,,,,,,,,,,,,,,,,,,3.0,Sehr sicher,,,,,Baden-Württemberg,52.3,0.7,32500,bezirk_estimated,127,389.3,7571.9,246,756.8,Stuttgart,2461,7571.9,18,54.1,43,133.8,2026-04-06,jedeschule.codefor.de,4971121633808.0,Stuttgart,,Stuttgart,24,0,51,10,18.3,38,4,55,"2024,2023,2022",36,15,Kostenfrei (öffentliche Schule)
STG-P-0005,Eduard-Pfeiffer-Schule Grundschule der IRGW,primary,Grundschule,Öffentlich,,Hospitalstr. 34,70174,Mitte,Mitte,49711228360.0,,http://www.irgw.de,,,,,,,,,,,,,,,,,,N/A,,,,,,,,,,48.77644,9.17134,jedeschule.codefor.de + Stuttgart Schulwegweiser PDF,,,,,,,Unfallatlas,Rotebühlplatz,99,48.7755541,9.1712823,,Stuttgart Stadtmitte,118,48.7761945,9.1728998,,Stadtmitte,205,48.7774893,9.1736401,,Berliner Platz (Hohe Straße),219,48.7771517,9.168557,,Rotebühlplatz,243,48.7744652,9.1727667,,Berliner Platz (Liederhalle),287,48.778496,9.1689635,,Bus (48.7756),93,48.7756156,9.1711177,,Rotebühlplatz,97,48.7755901,9.1710681,,Rotebühlplatz Position 2,205,48.7747009,9.1722605,,127,"43, N2",75.0,,,,,,,,,,,,,,,,,,,,,,,,,,,,,,,,,,,,,,,,,,,,,,,,,,,,,,,,,,,,,,,,,,,,,,,,,,,,,,,,,,,,,,6539,,47,654,,,336,,,,,,,,,,,,,,,,,,,,,,,,,,,,,,,11.0,Stark belastet,,,,,Baden-Württemberg,52.3,2.5,24180,bezirk_estimated,336,1390.5,27042.5,654,2702.8,Stuttgart,6539,27042.5,47,193.2,116,478.0,2026-04-06,jedeschule.codefor.de,497112283618.0,Stuttgart,,Stuttgart,65,0,123,21,46.0,81,15,138,"2024,2023,2022",26,49,Kostenfrei (öffentliche Schule)
STG-P-0006,Deutsch-Französische Grundschule Sillenbuch,primary,Grundschule,Öffentlich,,Silberwaldstr. 22,70619,Sillenbuch,Sillenbuch,4971121620860.0,poststelle@04121150.schule.bwl.de,,,,,,,,,,,,,,,,,,,N/A,,,,,,,,,,48.74701,9.21143,jedeschule.codefor.de + Stuttgart Schulwegweiser PDF,,,,,,,Unfallatlas,U-Bahn (48.7490),3085,48.7490455,9.1694659,,U-Bahn (48.7493),3106,48.7492646,9.1691988,,U-Bahn (48.7485),3197,48.748473,9.167888,,Nägelestraße,2820,48.7514962,9.1735738,,Weinsteige,2832,48.7550977,9.1747963,,Zahnradbahnhof,2903,48.7500549,9.1721042,,Riedenberg,1510,48.7334642,9.2100232,,Bus (48.7336),1523,48.7336316,9.2069976,,Grünlingweg,1523,48.7336143,9.207084,,0,,0.0,,,,,,,,,,,,,,,,,,,,,,,,,,,,,,,,,,,,,,,,,,,,,,,,,,,,,,,,,,,,,,,,,,,,,,,,,,,,,,,,,,,,,,1365,,10,136,,,70,,,,,,,,,,,,,,,,,,,,,,,,,,,,,,,1.0,Sehr sicher,,,,,Baden-Württemberg,52.3,0.5,25240,bezirk_estimated,70,278.1,5408.5,136,540.6,Stuttgart,1365,5408.5,10,38.6,24,95.6,2026-04-06,jedeschule.codefor.de,497114780107.0,Stuttgart,"Schert, Annette",Stuttgart,7,0,19,2,7.3,13,3,22,"2024,2023,2022",110,0,Kostenfrei (öffentliche Schule)
STG-P-0007,Grundschule Im Sonnigen Winkel,primary,Grundschule,Öffentlich,,Leibnizstr. 89,70193,West,West,49711653482.0,,,,,,,,,,,,,,,,,,,,N/A,,,,,,,,,,48.779079,9.139815,jedeschule.codefor.de + Stuttgart Schulwegweiser PDF,,,,,,,Unfallatlas,Seyfferstraße,1485,48.7699486,9.1546074,,Rotebühlstraße/Augustenstraße,1496,48.7697109,9.1544685,,Rotebühlstraße,1525,48.7699271,9.1553158,,Beethovenstraße,517,48.7772148,9.1333445,,Millöckerstraße,569,48.7794218,9.1320614,,Vogelsang,664,48.7746693,9.1459177,,Nikolauspflege,145,48.7786559,9.1379462,,Geibelstraße,269,48.7812256,9.1415028,,Wielandstraße,443,48.775122,9.1391445,40;50;N2,97,"40, 50, 91, N2",50.0,,,,,,,,,,,,,,,,,,,,,,,,,,,,,,,,,,,,,,,,,,,,,,,,,,,,,,,,,,,,,,,,,,,,,,,,,,,,,,,,,,,,,,6952,,50,695,,,357,,,,,,,,,,,,,,,,,,,,,,,,,,,,,,,8.0,Belastet,,,,,Baden-Württemberg,52.3,1.2,53560,bezirk_estimated,357,667.4,12980.4,695,1297.3,Stuttgart,6952,12980.4,50,92.7,123,229.4,2026-04-06,jedeschule.codefor.de,497112635010.0,Stuttgart,,Stuttgart,4,0,14,1,5.0,8,1,15,"2024,2023,2022",167,15,Kostenfrei (öffentliche Schule)
STG-P-0008,Steinbachschule Grundschule Büsnau,primary,Grundschule,Öffentlich,,Büsnauer Platz 2,70569,Vaihingen,Vaihingen,4971121625330.0,poststelle@04121162.schule.bwl.de,http://www.steinbachschule.de,,,,,,,,,,,,,,,,,,N/A,,,,,,,,,,48.74909,9.08031,jedeschule.codefor.de + Stuttgart Schulwegweiser PDF,,,,,,,Unfallatlas,U-Bahn (48.7459),1863,48.7459266,9.1052685,,U-Bahn (48.7460),1875,48.7459615,9.1054333,,Stuttgart Universität,1914,48.7452713,9.105765,,Vaihingen Schillerplatz,3190,48.7301395,9.1129629,,Fauststraße,3190,48.7319027,9.1151364,,Vaihingen Viadukt,3323,48.7332592,9.1187471,,Büsnauer Platz,74,48.749751,9.080265,,Ob dem Steinbach,241,48.749533,9.0835252,,Ob dem Steinbach (Pos. 2),276,48.749938,9.0838408,,19,91,50.0,,,,,,,,,,,,,,,,,,,,,,,,,,,,,,,,,,,,,,,,,,,,,,,,,,,,,,,,,,,,,,,,,,,,,,,,,,,,,,,,,,,,,,3396,,24,339,,,175,,,,,,,,,,,,,,,,,,,,,,,,,,,,,,,3.0,Sehr sicher,,,,,Baden-Württemberg,52.3,0.7,44850,bezirk_estimated,175,389.3,7571.9,339,756.8,Stuttgart,3396,7571.9,24,54.1,60,133.8,2026-04-06,jedeschule.codefor.de,4971121625333.0,Stuttgart,"Springer, Barbara",Stuttgart,1,0,3,0,1.3,0,1,4,"2024,2023,2022",211,13,Kostenfrei (öffentliche Schule)
STG-P-0009,Silcherschule Grundschule Rot,primary,Grundschule,Öffentlich,,Schwabbacher Str. 25,70437,Zuffenhausen,Zuffenhausen,4971121660330.0,poststelle@04120856.schule.bwl.de,,,,,,,,,,,,,,,,,,,N/A,,,,,,,,,,48.8308,9.18206,jedeschule.codefor.de + Stuttgart Schulwegweiser PDF,,,,,,,Unfallatlas,U-Bahn (48.8321),804,48.8321247,9.171266,,U-Bahn (48.8322),855,48.8322288,9.1705762,,U-Bahn (48.8323),877,48.8322673,9.1702915,,Kelterplatz,455,48.8296962,9.1760801,,Zuffenhausen Rathaus,538,48.8306805,9.1747114,,Hohensteinstraße,746,48.82696,9.173708,,Beilsteiner Straße,451,48.8333799,9.1772977,,Johanneskirche,473,48.8314244,9.1756742,,Kelterplatz,475,48.8294879,9.1758836,,37,,50.0,,,,,,,,,,,,,,,,,,,,,,,,,,,,,,,,,,,,,,,,,,,,,,,,,,,,,,,,,,,,,,,,,,,,,,,,,,,,,,,,,,,,,,4543,,32,454,,,234,,,,,,,,,,,,,,,,,,,,,,,,,,,,,,,7.0,Durchschnittlich,,,,,Baden-Württemberg,52.3,1.1,38180,bezirk_estimated,234,611.8,11898.7,454,1189.2,Stuttgart,4543,11898.7,32,85.0,80,210.3,2026-04-06,jedeschule.codefor.de,4971121660344.0,Stuttgart,"Bergemann, Jana",Stuttgart,10,0,35,4,13.3,26,5,40,"2024,2023,2022",261,8,Kostenfrei (öffentliche Schule)
STG-P-0010,Pragschule Grundschule,primary,Grundschule,Öffentlich,,Friedhofstr. 74,70191,Nord,Nord,4971121696753.0,poststelle@04120625.schule.bwl.de,,,,,,,,,,,,,,,,,,,N/A,,,,,,,,,,48.79493,9.18092,jedeschule.codefor.de + Stuttgart Schulwegweiser PDF,,,,,,,Unfallatlas,Stuttgart Nordbahnhof,1110,48.80373,9.188064,,Friedrichsbau (Börse),1709,48.7799814,9.1755273,,Schlossplatz,1754,48.7791984,9.1791684,,Löwentorbrücke,1000,48.8037563,9.1835069,,Nordbahnhof,1104,48.8029917,9.1897176,,Löwentor,1531,48.8078423,9.1881896,,Löwentorbrücke (Diakonie),1008,48.8038047,9.1837321,,Löwentorbrücke,1039,48.8040946,9.1837094,,Nordbahnhof,1066,48.8025995,9.1896623,,1,,2.0,,,,,,,,,,,,,,,,,,,,,,,,,,,,,,,,,,,,,,,,,,,,,,,,,,,,,,,,,,,,,,,,,,,,,,,,,,,,,,,,,,,,,,4054,,29,405,,,208,,,,,,,,,,,,,,,,,,,,,,,,,,,,,,,9.0,Belastet,,,,,Baden-Württemberg,52.3,1.3,28830,bezirk_estimated,208,723.1,14062.1,405,1405.4,Stuttgart,4054,14062.1,29,100.4,72,248.6,2026-04-06,jedeschule.codefor.de,4971121696754.0,Stuttgart,"Hagel, Isabelle",Stuttgart,15,0,55,7,20.7,39,7,62,"2024,2023,2022",91,0,Kostenfrei (öffentliche Schule)
STG-P-0011,Grundschule Stammheim,primary,Grundschule,Öffentlich,,Fliegenweg 4,70439,Stammheim,Stammheim,4971121659730.0,poststelle@04120807.schule.bwl.de,,,,,,,,,,,,,,,,,,,N/A,,,,,,,,,,48.84813,9.15434,jedeschule.codefor.de + Stuttgart Schulwegweiser PDF,,,,,,,Unfallatlas,Stuttgart Neuwirtshaus (Porscheplatz),1597,48.8338388,9.1522098,,U-Bahn (48.8323),2115,48.8322673,9.1702915,,U-Bahn (48.8322),2130,48.8322288,9.1705762,,Stammheim,251,48.850041,9.1561744,,Korntaler Straße,259,48.8466944,9.157128,,Heutingsheimer Straße,729,48.8424502,9.1593153,,Freihofplatz,152,48.8492863,9.1554571,,Wespenweg,165,48.8494183,9.153212,,Stammheim,191,48.8494647,9.1559825,,70,,50.0,,,,,,,,,,,,,,,,,,,,,,,,,,,,,,,,,,,,,,,,,,,,,,,,,,,,,,,,,,,,,,,,,,,,,,,,,,,,,,,,,,,,,,1092,,8,109,,,56,,,,,,,,,,,,,,,,,,,,,,,,,,,,,,,4.0,Sicher,,,,,Baden-Württemberg,52.3,0.8,12620,bezirk_estimated,56,445.0,8653.6,109,864.9,Stuttgart,1092,8653.6,8,61.8,19,153.0,2026-04-06,jedeschule.codefor.de,4971121659740.0,Stuttgart,"Paky-Hofherr, Anja",Stuttgart,9,0,31,10,10.7,17,1,32,"2024,2023,2022",98,28,Kostenfrei (öffentliche Schule)
STG-P-0012,Galileo Grundschule Stuttgart,primary,Grundschule,Öffentlich,,Alexanderstr. 22,70184,Ost,Ost,4971151889475.0,,,,,,,,,,,,,,,,,,,,N/A,,,,,,,,,,48.775,9.18882,jedeschule.codefor.de + Stuttgart Schulwegweiser PDF,,,,,,,Unfallatlas,Eingang Rathaus (U-Bahn),615,48.774433,9.1804719,,Rathaus,660,48.7742415,9.1798912,,Schlossplatz,847,48.7791984,9.1791684,,Rathaus,676,48.7735198,9.1798691,,Schlossplatz,839,48.7788635,9.1789801,,Österreichischer Platz,1071,48.7703595,9.176011,,Rathaus,640,48.7735728,9.18036,,Schlossplatz,716,48.7776066,9.1798868,,Bus (48.7730),775,48.7729528,9.1787108,,34,,20.0,,,,,,,,,,,,,,,,,,,,,,,,,,,,,,,,,,,,,,,,,,,,,,,,,,,,,,,,,,,,,,,,,,,,,,,,,,,,,,,,,,,,,,5857,,42,585,,,301,,,,,,,,,,,,,,,,,,,,,,,,,,,,,,,7.0,Durchschnittlich,,,,,Baden-Württemberg,52.3,1.1,49220,bezirk_estimated,301,611.8,11898.7,585,1189.2,Stuttgart,5857,11898.7,42,85.0,104,210.3,2026-04-06,jedeschule.codefor.de,,Stuttgart,,Stuttgart,31,0,86,12,30.3,54,5,91,"2024,2023,2022",107,0,Kostenfrei (öffentliche Schule)
STG-P-0013,Hohewartschule Grundschule Feuerbach,primary,Grundschule,Öffentlich,,Hohewartstr. 95,70469,Feuerbach,Feuerbach,4971121698057.0,poststelle@04120741.schule.bwl.de,http://www.hohewartschule.de,,,,,,,,,,,,,,,,,,N/A,,,,,,,,,,48.80562,9.1474,jedeschule.codefor.de + Stuttgart Schulwegweiser PDF,,,,,,,Unfallatlas,Stuttgart Nordbahnhof,2985,48.80373,9.188064,,Korntal,3003,48.8265137,9.1214162,,Stuttgart-Zuffenhausen,3028,48.8295258,9.16721,,Löwentorbrücke,2652,48.8037563,9.1835069,,Pragsattel,2655,48.8095572,9.1831651,,Löwen-Markt,2687,48.8137226,9.1128364,,Mähderklinge,1243,48.794441,9.14739,,Mathildenstraße,2345,48.8141153,9.1180918,,Botnang Freibad,2369,48.7864903,9.1331552,,0,,0.0,,,,,,,,,,,,,,,,,,,,,,,,,,,,,,,,,,,,,,,,,,,,,,,,,,,,,,,,,,,,,,,,,,,,,,,,,,,,,,,,,,,,,,3296,,24,329,,,169,,,,,,,,,,,,,,,,,,,,,,,,,,,,,,,6.0,Durchschnittlich,,,,,Baden-Württemberg,52.3,1.0,30470,bezirk_estimated,169,556.2,10817.0,329,1081.1,Stuttgart,3296,10817.0,24,77.3,58,191.2,2026-04-06,jedeschule.codefor.de,4971121698058.0,Stuttgart,"Ruthardt-Raible, Manuela",Stuttgart,2,0,4,1,1.7,1,1,5,"2024,2023,2022",151,0,Kostenfrei (öffentliche Schule)
STG-P-0014,Pelikanschule Grundschule Stuttgart-Neugereut,primary,Grundschule,Öffentlich,,Pelikanstr. 71,70378,Mühlhausen,Mühlhausen,4971121698930.0,poststelle@04121010.schule.bwl.de,,,,,,,,,,,,,,,,,,,N/A,,,,,,,,,,48.83327,9.23233,jedeschule.codefor.de + Stuttgart Schulwegweiser PDF,,,,,,,Unfallatlas,Sommerrain,2330,48.8152317,9.248517,,Fellbach,3163,48.820297,9.2707765,,Bad Cannstatt,3720,48.8014069,9.2168515,,Bottroper Straße (Lessing-Schulen),2128,48.8209476,9.2100942,,Hallschlag,2651,48.8181625,9.2043237,,Antwerpener Straße,2871,48.8084538,9.2431757,,Kleiner Ostring,1669,48.8208218,9.2450637,,Auf der Gans,1760,48.8189046,9.2424099,,Burgholzstraße,2071,48.8218355,9.2099915,,0,,0.0,,,,,,,,,,,,,,,,,,,,,,,,,,,,,,,,,,,,,,,,,,,,,,,,,,,,,,,,,,,,,,,,,,,,,,,,,,,,,,,,,,,,,,2240,,16,224,,,115,,,,,,,,,,,,,,,,,,,,,,,,,,,,,,,4.0,Sicher,,,,,Baden-Württemberg,52.3,0.8,25880,bezirk_estimated,115,445.0,8653.6,224,864.9,Stuttgart,2240,8653.6,16,61.8,40,153.0,2026-04-06,jedeschule.codefor.de,4971121698937.0,Stuttgart,"Fischer, Gabriele",Stuttgart,5,0,14,3,5.3,10,2,16,"2024,2023,2022",215,0,Kostenfrei (öffentliche Schule)
STG-P-0015,Tiefenbachschule Grundschule Rohracker,primary,Grundschule,Öffentlich,,Tiefenbachstr. 66,70329,Obertürkheim,Obertürkheim,4971121633720.0,poststelle@04121083.schule.bwl.de,,,,,,,,,,,,,,,,,,,N/A,,,,,,,,,,48.75599,9.22221,jedeschule.codefor.de + Stuttgart Schulwegweiser PDF,,,,,,,Unfallatlas,Ruit,3566,48.7312905,9.2532278,,Rathaus,3650,48.7726931,9.1793345,,Eingang Rathaus (U-Bahn),3683,48.774433,9.1804719,,Brendle (Großmarkt),2860,48.781529,9.2268019,,Wangener-/Landhausstraße,2934,48.7823783,9.2225894,,Gaisburg,3126,48.7837933,9.2158815,,Riedenberg,2659,48.7334642,9.2100232,,Grünlingweg,2724,48.7336143,9.207084,,Bus (48.7336),2725,48.7336316,9.2069976,,0,,0.0,,,,,,,,,,,,,,,,,,,,,,,,,,,,,,,,,,,,,,,,,,,,,,,,,,,,,,,,,,,,,,,,,,,,,,,,,,,,,,,,,,,,,,797,,6,80,,,41,,,,,,,,,,,,,,,,,,,,,,,,,,,,,,,3.0,Sehr sicher,,,,,Baden-Württemberg,52.3,0.7,10520,bezirk_estimated,41,389.3,7571.9,80,756.8,Stuttgart,797,7571.9,6,54.1,14,133.8,2026-04-06,jedeschule.codefor.de,4971121633721.0,Stuttgart,"Windt, Alexander",Stuttgart,1,0,1,1,0.7,0,1,2,"2024,2023,2022",146,0,Kostenfrei (öffentliche Schule)
STG-P-0016,Grundschule am Stadtpark Stuttgart Zuffenhausen,primary,Grundschule,Öffentlich,,Marconistr. 65,70435,Zuffenhausen,Zuffenhausen,4971121633850.0,poststelle@04120820.schule.bwl.de,http://www.grundschuleamstadtpark.de,,,,,,,,,,,,,,,,,,N/A,,,,,,,,,,48.82762,9.17147,jedeschule.codefor.de + Stuttgart Schulwegweiser PDF,,,,,,,Unfallatlas,Stuttgart-Zuffenhausen,377,48.8295258,9.16721,,U-Bahn (48.8321),501,48.8321247,9.171266,,U-Bahn (48.8322),517,48.8322288,9.1705762,,Hohensteinstraße,180,48.82696,9.173708,,Zuffenhausen Rathaus,405,48.830574,9.1746984,,Kelterplatz,409,48.8296962,9.1760801,,Hohensteinstraße,162,48.8272391,9.1736061,,Frankenstraße,220,48.8258295,9.1727524,,Zuffenhausen Bf,278,48.829349,9.1687342,,58,,50.0,,,,,,,,,,,,,,,,,,,,,,,,,,,,,,,,,,,,,,,,,,,,,,,,,,,,,,,,,,,,,,,,,,,,,,,,,,,,,,,,,,,,,,4543,,32,454,,,234,,,,,,,,,,,,,,,,,,,,,,,,,,,,,,,7.0,Durchschnittlich,,,,,Baden-Württemberg,52.3,1.1,38180,bezirk_estimated,234,611.8,11898.7,454,1189.2,Stuttgart,4543,11898.7,32,85.0,80,210.3,2026-04-06,jedeschule.codefor.de,4971121633851.0,Stuttgart,,Stuttgart,20,1,64,15,24.0,43,7,72,"2024,2023,2022",98,30,Kostenfrei (öffentliche Schule)
STG-P-0017,Salzäckerschule Grundschule Möhringen,primary,Grundschule,Öffentlich,,Rulfinger Str. 35,70567,Möhringen,Möhringen,4971121657120.0,poststelle@04121253.schule.bwl.de,,,,,,,,,,,,,,,,,,,N/A,,,,,,,,,,48.72179,9.15621,jedeschule.codefor.de + Stuttgart Schulwegweiser PDF,,,,,,,Unfallatlas,U-Bahn (48.7175),1202,48.7174685,9.1411963,,Oberaichen,2808,48.7052607,9.1272836,,Leinfelden,2960,48.6966965,9.1427508,,Plieninger Straße,274,48.7242278,9.1567089,,Salzäcker,414,48.7216372,9.1618454,,Landhaus,709,48.7203961,9.165648,,Plieninger Straße,264,48.7241549,9.1559042,,Salzäcker,302,48.7233497,9.1595818,,Rübezahlweg,525,48.7209082,9.1491731,,39,,45.0,,,,,,,,,,,,,,,,,,,,,,,,,,,,,,,,,,,,,,,,,,,,,,,,,,,,,,,,,,,,,,,,,,,,,,,,,,,,,,,,,,,,,,2461,,18,246,,,127,,,,,,,,,,,,,,,,,,,,,,,,,,,,,,,3.0,Sehr sicher,,,,,Baden-Württemberg,52.3,0.7,32500,bezirk_estimated,127,389.3,7571.9,246,756.8,Stuttgart,2461,7571.9,18,54.1,43,133.8,2026-04-06,jedeschule.codefor.de,497117261111.0,Stuttgart,"Glass, Daniel",Stuttgart,3,0,7,1,2.7,5,1,8,"2024,2023,2022",240,5,Kostenfrei (öffentliche Schule)
STG-P-0018,Marienschule Grundschule Stuttgart-Süd,primary,Grundschule,Öffentlich,,Römerstr. 16,70180,Süd,Süd,4971121688356.0,poststelle@04120649.schule.bwl.de,http://www.marienschule-stuttgart.de,,,,,,,,,,,,,,,,,,N/A,,,,,,,,,,48.76539,9.17085,jedeschule.codefor.de + Stuttgart Schulwegweiser PDF,,,,,,,Unfallatlas,Marienplatz,211,48.7643403,9.1684559,,Österreichischer Platz Eingang (U-Bahn),579,48.7697675,9.1751287,,U-Bahn (48.7702),609,48.7702457,9.1747018,,Marienplatz,203,48.7643004,9.1686351,,Liststraße,385,48.7622826,9.1685227,,Pfaffenweg,668,48.7596512,9.1681634,,Lehenstraße,149,48.7640475,9.1709408,,Marienplatz,249,48.7643926,9.1678136,,Markuskirche,282,48.7644777,9.1744349,,107,,50.0,,,,,,,,,,,,,,,,,,,,,,,,,,,,,,,,,,,,,,,,,,,,,,,,,,,,,,,,,,,,,,,,,,,,,,,,,,,,,,,,,,,,,,4843,,35,484,,,249,,,,,,,,,,,,,,,,,,,,,,,,,,,,,,,6.0,Durchschnittlich,,,,,Baden-Württemberg,52.3,1.0,44770,bezirk_estimated,249,556.2,10817.0,484,1081.1,Stuttgart,4843,10817.0,35,77.3,86,191.2,2026-04-06,jedeschule.codefor.de,4971121688377.0,Stuttgart,"Reinhardt, Nadine",Stuttgart,38,0,79,10,29.0,53,8,87,"2024,2023,2022",55,23,Kostenfrei (öffentliche Schule)
STG-P-0019,Martin-Luther-Schule Grundschule Bad Cannstatt,primary,Grundschule,Öffentlich,,Martin-Luther-Str. 57,70372,Bad Cannstatt,Bad Cannstatt,4971121621080.0,poststelle@04120935.schule.bwl.de,,,,,,,,,,,,,,,,,,,N/A,,,,,,,,,,48.80361,9.22482,jedeschule.codefor.de + Stuttgart Schulwegweiser PDF,,,,,,,Unfallatlas,Bad Cannstatt,633,48.8014069,9.2168515,,Stuttgart Neckarpark,1776,48.7918161,9.2411731,,Sommerrain,2164,48.8152317,9.248517,,Straßenbahnmuseum,730,48.7990737,9.2176154,,Kienbachstraße,834,48.7996452,9.2344818,,Cannstatter Wasen,860,48.7965168,9.2201493,,Bad Cannstatt,541,48.8020617,9.2178161,,Veielbrunnenweg,631,48.7986016,9.2207716,,Straßenbahnmuseum,746,48.799022,9.2173882,,17,,20.0,,,,,,,,,,,,,,,,,,,,,,,,,,,,,,,,,,,,,,,,,,,,,,,,,,,,,,,,,,,,,,,,,,,,,,,,,,,,,,,,,,,,,,10829,,77,1082,,,557,,,,,,,,,,,,,,,,,,,,,,,,,,,,,,,10.0,Belastet,,,,,Baden-Württemberg,52.3,1.4,71510,bezirk_estimated,557,778.7,15143.8,1082,1513.6,Stuttgart,10829,15143.8,77,108.2,191,267.7,2026-04-06,jedeschule.codefor.de,4971121621081.0,Stuttgart,"Dölker, Markus",Stuttgart,29,0,80,13,28.3,50,5,85,"2024,2023,2022",66,0,Kostenfrei (öffentliche Schule)
STG-P-0020,Grundschule Riedenberg,primary,Grundschule,Öffentlich,,Klara-Neuburger-Str. 2,70619,Sillenbuch,Sillenbuch,4971121680960.0,poststelle@04165803.schule.bwl.de,,,,,,,,,,,,,,,,,,,N/A,,,,,,,,,,48.7387,9.22184,jedeschule.codefor.de + Stuttgart Schulwegweiser PDF,,,,,,,Unfallatlas,Ruit,2445,48.7312905,9.2532278,,U-Bahn (48.7490),4009,48.7490455,9.1694659,,U-Bahn (48.7493),4035,48.7492646,9.1691988,,Ruit,2470,48.7311387,9.2535044,,Ruit Zinsholz,3244,48.7263118,9.2618863,,Nägelestraße,3814,48.7514962,9.1735738,,Riedenberg,1010,48.7331611,9.2109248,,Grünlingweg,1221,48.7336143,9.207084,,Bus (48.7336),1226,48.7336316,9.2069976,,0,,0.0,,,,,,,,,,,,,,,,,,,,,,,,,,,,,,,,,,,,,,,,,,,,,,,,,,,,,,,,,,,,,,,,,,,,,,,,,,,,,,,,,,,,,,1365,,10,136,,,70,,,,,,,,,,,,,,,,,,,,,,,,,,,,,,,1.0,Sehr sicher,,,,,Baden-Württemberg,52.3,0.5,25240,bezirk_estimated,70,278.1,5408.5,136,540.6,Stuttgart,1365,5408.5,10,38.6,24,95.6,2026-04-06,jedeschule.codefor.de,4971121680962.0,Stuttgart,"Schwarz, Ulrike",Stuttgart,6,0,18,4,6.7,11,2,20,"2024,2023,2022",84,0,Kostenfrei (öffentliche Schule)
STG-P-0021,Franz-Schubert-Schule Grundschule Botnang,primary,Grundschule,Öffentlich,,Schumannstr. 8,70195,Botnang,Botnang,4971121657540.0,poststelle@04120704.schule.bwl.de,,,,,,,,,,,,,,,,,,,N/A,,,,,,,,,,48.77846,9.12904,jedeschule.codefor.de + Stuttgart Schulwegweiser PDF,,,,,,,Unfallatlas,Seyfferstraße,2099,48.7699486,9.1546074,,Rotebühlstraße/Augustenstraße,2102,48.7697109,9.1544685,,Rotebühlstraße,2147,48.7699271,9.1553158,,Eltinger Straße,181,48.7792397,9.1268686,,Millöckerstraße,246,48.7794218,9.1320614,,Beethovenstraße,344,48.7772148,9.1333445,,Bus (48.7783),126,48.778308,9.1273395,,Ortsmitte,130,48.778347,9.1272696,,Eltinger Straße,159,48.7791168,9.127117,,68,"40, 50, 91, N2",50.0,,,,,,,,,,,,,,,,,,,,,,,,,,,,,,,,,,,,,,,,,,,,,,,,,,,,,,,,,,,,,,,,,,,,,,,,,,,,,,,,,,,,,,940,,7,94,,,48,,,,,,,,,,,,,,,,,,,,,,,,,,,,,,,2.0,Sehr sicher,,,,,Baden-Württemberg,52.3,0.6,14480,bezirk_estimated,48,333.7,6490.2,94,648.7,Stuttgart,940,6490.2,7,46.4,17,114.7,2026-04-06,jedeschule.codefor.de,4971121657541.0,Stuttgart,"Towhidi, Ute Sibylle",Stuttgart,16,0,34,8,12.7,22,4,38,"2024,2023,2022",56,25,Kostenfrei (öffentliche Schule)
STG-P-0022,Albschule Grundschule Degerloch,primary,Grundschule,Öffentlich,,Wurmlinger Str. 61,70597,Degerloch,Degerloch,4971121689280.0,poststelle@04121113.schule.bwl.de,,,,,,,,,,,,,,,,,,,N/A,,,,,,,,,,48.74286,9.16363,jedeschule.codefor.de + Stuttgart Schulwegweiser PDF,,,,,,,Unfallatlas,U-Bahn (48.7485),698,48.748473,9.167888,,U-Bahn (48.7490),810,48.7490455,9.1694659,,U-Bahn (48.7493),821,48.7492646,9.1691988,,Peregrinastraße,317,48.7442122,9.1598187,,Degerloch Albstraße,380,48.7462613,9.1631143,,Sonnenberg,718,48.7413446,9.1541136,,Albschule,127,48.7430099,9.1653471,,Bus (48.7417),257,48.7416807,9.16665,,Leinfeldener Straße,483,48.7441609,9.1699203,,50,,50.0,,,,,,,,,,,,,,,,,,,,,,,,,,,,,,,,,,,,,,,,,,,,,,,,,,,,,,,,,,,,,,,,,,,,,,,,,,,,,,,,,,,,,,1167,,8,117,,,60,,,,,,,,,,,,,,,,,,,,,,,,,,,,,,,2.0,Sehr sicher,,,,,Baden-Württemberg,52.3,0.6,17980,bezirk_estimated,60,333.7,6490.2,117,648.7,Stuttgart,1167,6490.2,8,46.4,21,114.7,2026-04-06,jedeschule.codefor.de,4971121689458.0,Stuttgart,"Kirdorf, Bärbel",Stuttgart,10,0,28,0,10.3,18,3,31,"2024,2023,2022",201,14,Kostenfrei (öffentliche Schule)
STG-P-0023,Wilhelmsschule Grundschule Untertürkheim,primary,Grundschule,Öffentlich,,Oberstdorfer Str. 23,70327,Untertürkheim,Untertürkheim,4971121696733.0,poststelle@04121034.schule.bwl.de,http://www.wilhelmsschule.de,,,,,,,,,,,,,,,,,,N/A,,,,,,,,,,48.78265,9.2529,jedeschule.codefor.de + Stuttgart Schulwegweiser PDF,,,,,,,Unfallatlas,Stuttgart Neckarpark,1333,48.7918161,9.2411731,,Bad Cannstatt,3365,48.8014069,9.2168515,,Sommerrain,3637,48.8152317,9.248517,,Brendle (Großmarkt),1916,48.781529,9.2268019,,Wangener-/Landhausstraße,2221,48.7823783,9.2225894,,Kienbachstraße,2322,48.7996452,9.2344818,,Bus (48.7868),1138,48.7868125,9.2387077,,Neckarpark (Mercedes-Benz),1384,48.7919749,9.2403941,,Mercedes-Benz Welt,1495,48.7887672,9.2347304,,0,,0.0,,,,,,,,,,,,,,,,,,,,,,,,,,,,,,,,,,,,,,,,,,,,,,,,,,,,,,,,,,,,,,,,,,,,,,,,,,,,,,,,,,,,,,1658,,12,166,,,85,,,,,,,,,,,,,,,,,,,,,,,,,,,,,,,5.0,Sicher,,,,,Baden-Württemberg,52.3,0.9,17030,bezirk_estimated,85,500.6,9735.3,166,973.0,Stuttgart,1658,9735.3,12,69.5,29,172.1,2026-04-06,jedeschule.codefor.de,4971121696734.0,Stuttgart,,Stuttgart,18,0,52,6,18.7,34,4,56,"2024,2023,2022",104,0,Kostenfrei (öffentliche Schule)
STG-P-0024,Schillerschule Grundschule Stuttgart-Bad Cannstatt,primary,Grundschule,Öffentlich,,Wiesbadener Str. 40,70372,Bad Cannstatt,Bad Cannstatt,4971121634480.0,poststelle@04120947.schule.bwl.de,http://schillerschule-stuttgart.de,,,,,,,,,,,,,,,,,,N/A,,,,,,,,,,48.80596,9.22412,jedeschule.codefor.de + Stuttgart Schulwegweiser PDF,,,,,,,Unfallatlas,Bad Cannstatt,735,48.8014069,9.2168515,,Stuttgart Neckarpark,2008,48.7918161,9.2411731,,Sommerrain,2063,48.8152317,9.248517,,Straßenbahnmuseum,902,48.7990737,9.2176154,,Kienbachstraße,1034,48.7996452,9.2344818,,Rosensteinbrücke,1060,48.8059151,9.2096405,,Bad Cannstatt,633,48.8020617,9.2178161,,Veielbrunnenweg,854,48.7986016,9.2207716,,Straßenbahnmuseum,915,48.7990484,9.2173343,,18,,20.0,,,,,,,,,,,,,,,,,,,,,,,,,,,,,,,,,,,,,,,,,,,,,,,,,,,,,,,,,,,,,,,,,,,,,,,,,,,,,,,,,,,,,,10829,,77,1082,,,557,,,,,,,,,,,,,,,,,,,,,,,,,,,,,,,10.0,Belastet,,,,,Baden-Württemberg,52.3,1.4,71510,bezirk_estimated,557,778.7,15143.8,1082,1513.6,Stuttgart,10829,15143.8,77,108.2,191,267.7,2026-04-06,jedeschule.codefor.de,4971121634481.0,Stuttgart,"Hermann, Ralf",Stuttgart,21,0,64,9,23.0,38,5,69,"2024,2023,2022",43,0,Kostenfrei (öffentliche Schule)
STG-P-0025,Reisachschule Stuttgart Grundschule Weilimdorf,primary,Grundschule,Öffentlich,,Maierwaldstr. 14,70499,Weilimdorf,Weilimdorf,4971121633830.0,poststelle@04120753.schule.bwl.de,http://www.reisachschule.de,,,,,,,,,,,,,,,,,,N/A,,,,,,,,,,48.81746,9.12207,jedeschule.codefor.de + Stuttgart Schulwegweiser PDF,,,,,,,Unfallatlas,Korntal,1008,48.8265137,9.1214162,,Korntal Gymnasium,1617,48.8305386,9.1124214,,Weilimdorf,2088,48.822086,9.0944331,,Löwen-Markt,794,48.8137226,9.1128364,,Rastatter Straße,1308,48.8101977,9.1080204,,Wolfbusch,1649,48.8075391,9.1053391,,Fehrbelliner Straße,406,48.8189171,9.1169884,,Mathildenstraße,470,48.8141503,9.1180746,,Löwen-Markt,683,48.8138627,9.114507,,22,,50.0,,,,,,,,,,,,,,,,,,,,,,,,,,,,,,,,,,,,,,,,,,,,,,,,,,,,,,,,,,,,,,,,,,,,,,,,,,,,,,,,,,,,,,2521,,18,252,,,130,,,,,,,,,,,,,,,,,,,,,,,,,,,,,,,3.0,Sehr sicher,,,,,Baden-Württemberg,52.3,0.7,33290,bezirk_estimated,130,389.3,7571.9,252,756.8,Stuttgart,2521,7571.9,18,54.1,45,133.8,2026-04-06,jedeschule.codefor.de,4971121633833.0,Stuttgart,"Andreae, Sabine",Stuttgart,6,0,8,3,3.7,9,3,11,"2024,2023,2022",323,7,Kostenfrei (öffentliche Schule)
STG-P-0026,Raitelsbergschule Grundschule,primary,Grundschule,Öffentlich,,Röntgenstr. 5,70190,Nord,Nord,4971121660050.0,poststelle@04120637.schule.bwl.de,http://www.raitelsbergschule.de,,,,,,,,,,,,,,,,,,N/A,,,,,,,,,,48.79177,9.21444,jedeschule.codefor.de + Stuttgart Schulwegweiser PDF,,,,,,,Unfallatlas,Bad Cannstatt,1086,48.8014069,9.2168515,,Stuttgart Neckarpark,1958,48.7918161,9.2411731,,Stuttgart Nordbahnhof,2345,48.80373,9.188064,,Raitelsberg,352,48.7889458,9.2122835,,Schlachthof,562,48.7871649,9.2176171,,Cannstatter Wasen,673,48.7965168,9.2201493,,Raitelsberg,366,48.7888474,9.2121382,,Schlachthof,565,48.7871098,9.2175301,,Bus (48.7866),620,48.7866295,9.2177024,,34,,35.0,,,,,,,,,,,,,,,,,,,,,,,,,,,,,,,,,,,,,,,,,,,,,,,,,,,,,,,,,,,,,,,,,,,,,,,,,,,,,,,,,,,,,,4054,,29,405,,,208,,,,,,,,,,,,,,,,,,,,,,,,,,,,,,,9.0,Belastet,,,,,Baden-Württemberg,52.3,1.3,28830,bezirk_estimated,208,723.1,14062.1,405,1405.4,Stuttgart,4054,14062.1,29,100.4,72,248.6,2026-04-06,jedeschule.codefor.de,4971121660060.0,Stuttgart,"Krämer-Martin, Bianca",Stuttgart,5,0,51,3,18.7,28,5,56,"2024,2023,2022",264,3,Kostenfrei (öffentliche Schule)
STG-P-0027,Fuchsrainschule Grundschule,primary,Grundschule,Öffentlich,,Gablenberger Weg 25,70186,Ost,Ost,4971121692399.0,poststelle@04120686.schule.bwl.de,,,,,,,,,,,,,,,,,,,N/A,,,,,,,,,,48.76971,9.20233,jedeschule.codefor.de + Stuttgart Schulwegweiser PDF,,,,,,,Unfallatlas,Eingang Rathaus (U-Bahn),1686,48.774433,9.1804719,,Rathaus,1705,48.7739161,9.179959,,Eingang Österreichischer Platz (U-Bahn),1900,48.7711414,9.1764985,,Rathaus,1700,48.7735198,9.1798691,,Gaisburg,1852,48.7839051,9.2155437,,Österreichischer Platz,1930,48.7703595,9.176011,,Wilhelm-/Olgastraße,1571,48.7696974,9.1808884,,Rathaus,1666,48.7735728,9.18036,,Neue Weinsteige 61,1699,48.7639829,9.1808409,,0,,0.0,,,,,,,,,,,,,,,,,,,,,,,,,,,,,,,,,,,,,,,,,,,,,,,,,,,,,,,,,,,,,,,,,,,,,,,,,,,,,,,,,,,,,,5857,,42,585,,,301,,,,,,,,,,,,,,,,,,,,,,,,,,,,,,,7.0,Durchschnittlich,,,,,Baden-Württemberg,52.3,1.1,49220,bezirk_estimated,301,611.8,11898.7,585,1189.2,Stuttgart,5857,11898.7,42,85.0,104,210.3,2026-04-06,jedeschule.codefor.de,4971121692398.0,Stuttgart,"Schostek, Marion",Stuttgart,2,0,13,1,4.7,8,1,14,"2024,2023,2022",137,0,Kostenfrei (öffentliche Schule)
STG-P-0028,Falkertschule Stuttgart Grundschule,primary,Grundschule,Öffentlich,,Falkertstr. 27,70176,West,West,4971121621200.0,poststelle@04120509.schule.bwl.de,http://www.falkertschule.de,,,,,,,,,,,,,,,,,,N/A,,,,,,,,,,48.77861,9.16507,jedeschule.codefor.de + Stuttgart Schulwegweiser PDF,,,,,,,Unfallatlas,Rotebühlplatz,568,48.7755541,9.1712823,,U-Bahn (48.7732),621,48.7732147,9.1672656,,Stuttgart Stadtmitte,633,48.7761945,9.1728998,,Berliner Platz (Liederhalle),171,48.7785048,9.1673952,,Berliner Platz (Hohe Straße),253,48.7776072,9.1681723,,Schloss-/Johannesstraße,284,48.7765261,9.1628387,,Berliner Platz (Liederhalle),157,48.7784415,9.1672018,,Berliner Platz (Hohe Straße),233,48.7777029,9.1679351,,Schloss-/Johannesstraße,302,48.7765945,9.1623018,,104,"42, 43, 44, N10, N2",65.0,,,,,,,,,,,,,,,,,,,,,,,,,,,,,,,,,,,,,,,,,,,,,,,,,,,,,,,,,,,,,,,,,,,,,,,,,,,,,,,,,,,,,,6952,,50,695,,,357,,,,,,,,,,,,,,,,,,,,,,,,,,,,,,,8.0,Belastet,,,,,Baden-Württemberg,52.3,1.2,53560,bezirk_estimated,357,667.4,12980.4,695,1297.3,Stuttgart,6952,12980.4,50,92.7,123,229.4,2026-04-06,jedeschule.codefor.de,4971121621201.0,Stuttgart,,Stuttgart,33,0,95,15,34.0,60,7,102,"2024,2023,2022",61,25,Kostenfrei (öffentliche Schule)
STG-P-0029,Carl-Benz-Schule Grundschule Bad Cannstatt,primary,Grundschule,Öffentlich,,Weckherlinstr. 8,70376,Bad Cannstatt,Bad Cannstatt,4971121689144.0,poststelle@04120911.schule.bwl.de,http://www.cbs.s.schule-bw.de,,,,,,,,,,,,,,,,,,N/A,,,,,,,,,,48.81672,9.2149,jedeschule.codefor.de + Stuttgart Schulwegweiser PDF,,,,,,,Unfallatlas,Bad Cannstatt,1709,48.8014069,9.2168515,,Stuttgart Nordbahnhof,2439,48.80373,9.188064,,Sommerrain,2467,48.8152317,9.248517,,Bottroper Straße (Lessing-Schulen),587,48.8209476,9.2100942,,Hallschlag,791,48.8181625,9.2043237,,Riethmüllerhaus,852,48.8140452,9.2039927,,Am Römerkastell,547,48.8137788,9.2089047,,Altenburg,615,48.8121078,9.2102748,,Burgholzstraße,673,48.8218355,9.2099915,,22,,20.0,,,,,,,,,,,,,,,,,,,,,,,,,,,,,,,,,,,,,,,,,,,,,,,,,,,,,,,,,,,,,,,,,,,,,,,,,,,,,,,,,,,,,,10829,,77,1082,,,557,,,,,,,,,,,,,,,,,,,,,,,,,,,,,,,10.0,Belastet,,,,,Baden-Württemberg,52.3,1.4,71510,bezirk_estimated,557,778.7,15143.8,1082,1513.6,Stuttgart,10829,15143.8,77,108.2,191,267.7,2026-04-06,jedeschule.codefor.de,4971121689309.0,Stuttgart,"Pannes, Clarissa",Stuttgart,2,0,17,3,6.7,10,3,20,"2024,2023,2022",141,0,Kostenfrei (öffentliche Schule)
STG-P-0030,Pfaffenwaldschule Grundschule Vaihingen,primary,Grundschule,Öffentlich,,An der Betteleiche 1,70569,Vaihingen,Vaihingen,4971121693280.0,poststelle@04165414.schule.bwl.de,,,,,,,,,,,,,,,,,,,N/A,,,,,,,,,,48.74641,9.11064,jedeschule.codefor.de + Stuttgart Schulwegweiser PDF,,,,,,,Unfallatlas,Stuttgart Universität,379,48.7452713,9.105765,,U-Bahn (48.7460),385,48.7459615,9.1054333,,U-Bahn (48.7445),391,48.744467,9.1061977,,Vaihingen Viadukt,1579,48.7332592,9.1187471,,Kaltental,1603,48.7396556,9.1299508,,Engelboldstraße,1612,48.7376993,9.1282135,,Knappenweg,201,48.7462279,9.1133695,,Universität (Schleife) (Pos. 1),249,48.745787,9.1073767,,Universität (Schleife) Position 3,253,48.7453797,9.1075591,,35,,50.0,,,,,,,,,,,,,,,,,,,,,,,,,,,,,,,,,,,,,,,,,,,,,,,,,,,,,,,,,,,,,,,,,,,,,,,,,,,,,,,,,,,,,,3396,,24,339,,,175,,,,,,,,,,,,,,,,,,,,,,,,,,,,,,,3.0,Sehr sicher,,,,,Baden-Württemberg,52.3,0.7,44850,bezirk_estimated,175,389.3,7571.9,339,756.8,Stuttgart,3396,7571.9,24,54.1,60,133.8,2026-04-06,jedeschule.codefor.de,4971121693290.0,Stuttgart,"Hoffmann, Oliver",Stuttgart,9,0,15,0,6.0,12,3,18,"2024,2023,2022",59,19,Kostenfrei (öffentliche Schule)
STG-P-0031,Grundschule Obertürkheim,primary,Grundschule,Öffentlich,,Uhlbacher Str. 18,70329,Obertürkheim,Obertürkheim,4971121633999.0,poststelle@04121071.schule.bwl.de,,,,,,,,,,,,,,,,,,,N/A,,,,,,,,,,48.76358,9.27005,jedeschule.codefor.de + Stuttgart Schulwegweiser PDF,,,,,,,Unfallatlas,Stuttgart Neckarpark,3786,48.7918161,9.2411731,,Ruit,3796,48.7312905,9.2532278,,Bad Cannstatt,5734,48.8014069,9.2168515,,Brendle (Großmarkt),3745,48.781529,9.2268019,,Ruit,3806,48.7311387,9.2535044,,Wangener-/Landhausstraße,4058,48.7823783,9.2225894,,Eberhard-Bauer-Straße,3418,48.7356127,9.2894059,,Ruit Im Kapf,3446,48.7344598,9.2539782,,Bus (48.7868),3457,48.7868125,9.2387077,,0,,0.0,,,,,,,,,,,,,,,,,,,,,,,,,,,,,,,,,,,,,,,,,,,,,,,,,,,,,,,,,,,,,,,,,,,,,,,,,,,,,,,,,,,,,,797,,6,80,,,41,,,,,,,,,,,,,,,,,,,,,,,,,,,,,,,3.0,Sehr sicher,,,,,Baden-Württemberg,52.3,0.7,10520,bezirk_estimated,41,389.3,7571.9,80,756.8,Stuttgart,797,7571.9,6,54.1,14,133.8,2026-04-06,jedeschule.codefor.de,4971121633998.0,Stuttgart,,Stuttgart,7,0,18,6,8.0,12,6,24,"2024,2023,2022",101,0,Kostenfrei (öffentliche Schule)
STG-P-0032,Lerchenrainschule Stuttgart Grundschule,primary,Grundschule,Öffentlich,,Kelterstr. 52,70199,Süd,Süd,497116402083.0,poststelle@04120583.schule.bwl.de,http://www.lerchenrainschule.de,,,,,,,,,,,,,,,,,,N/A,,,,,,,,,,48.75718,9.15736,jedeschule.codefor.de + Stuttgart Schulwegweiser PDF,,,,,,,Unfallatlas,Marienplatz,1120,48.764413,9.1679957,,U-Bahn (48.7493),1236,48.7492646,9.1691988,,U-Bahn (48.7485),1238,48.748473,9.167888,,Bihlplatz,497,48.7602174,9.1523944,,Erwin-Schoettle-Platz,664,48.7628752,9.1600896,,Pfaffenweg,838,48.7596512,9.1681634,,Eiernest,143,48.7574998,9.1592555,,Lerchenrainschule,151,48.7569703,9.1593955,,Dornhaldenstraße,269,48.7591703,9.1594509,,37,,50.0,,,,,,,,,,,,,,,,,,,,,,,,,,,,,,,,,,,,,,,,,,,,,,,,,,,,,,,,,,,,,,,,,,,,,,,,,,,,,,,,,,,,,,4843,,35,484,,,249,,,,,,,,,,,,,,,,,,,,,,,,,,,,,,,6.0,Durchschnittlich,,,,,Baden-Württemberg,52.3,1.0,44770,bezirk_estimated,249,556.2,10817.0,484,1081.1,Stuttgart,4843,10817.0,35,77.3,86,191.2,2026-04-06,jedeschule.codefor.de,497116494402.0,Stuttgart,"Walter, Sabrina",Stuttgart,13,0,26,2,9.3,17,2,28,"2024,2023,2022",94,11,Kostenfrei (öffentliche Schule)
STG-P-0033,Steinenbergschule Grundschule Stuttgart-Hedelfingen,primary,Grundschule,Öffentlich,,Am Steinenberg 5,70329,Obertürkheim,Obertürkheim,49711426041.0,poststelle@04121058.schule.bwl.de,http://www.steinenbergschule.de,,,,,,,,,,,,,,,,,,N/A,,,,,,,,,,48.75447,9.25254,jedeschule.codefor.de + Stuttgart Schulwegweiser PDF,,,,,,,Unfallatlas,Ruit,2578,48.7312905,9.2532278,,Stuttgart Neckarpark,4235,48.7918161,9.2411731,,Eingang Rathaus (U-Bahn),5730,48.774433,9.1804719,,Ruit,2595,48.7311387,9.2535044,,Ruit Zinsholz,3205,48.7263118,9.2618863,,Brendle (Großmarkt),3551,48.781529,9.2268019,,Ruit Im Kapf,2228,48.7344598,9.2539782,,Ruit Horbstraße,2613,48.7313283,9.2463691,,Ruit,2613,48.7309793,9.2535255,,0,,0.0,,,,,,,,,,,,,,,,,,,,,,,,,,,,,,,,,,,,,,,,,,,,,,,,,,,,,,,,,,,,,,,,,,,,,,,,,,,,,,,,,,,,,,797,,6,80,,,41,,,,,,,,,,,,,,,,,,,,,,,,,,,,,,,3.0,Sehr sicher,,,,,Baden-Württemberg,52.3,0.7,10520,bezirk_estimated,41,389.3,7571.9,80,756.8,Stuttgart,797,7571.9,6,54.1,14,133.8,2026-04-06,jedeschule.codefor.de,497114205086.0,Stuttgart,"Hagen, Matthias",Stuttgart,6,0,14,4,5.0,10,1,15,"2024,2023,2022",277,0,Kostenfrei (öffentliche Schule)
STG-P-0034,Steinhaldenfeldschule Grundschule,primary,Grundschule,Öffentlich,,Damaschkestr. 31,70378,Mühlhausen,Mühlhausen,4971121660570.0,poststelle@04120960.schule.bwl.de,,,,,,,,,,,,,,,,,,,N/A,,,,,,,,,,48.82753,9.22843,jedeschule.codefor.de + Stuttgart Schulwegweiser PDF,,,,,,,Unfallatlas,Sommerrain,2008,48.8152317,9.248517,,Bad Cannstatt,3026,48.8014069,9.2168515,,Fellbach,3203,48.820297,9.2707765,,Bottroper Straße (Lessing-Schulen),1529,48.8209476,9.2100942,,Hallschlag,2049,48.8181625,9.2043237,,Riethmüllerhaus,2334,48.8140452,9.2039927,,Auf der Gans,1388,48.8185359,9.2415722,,Kleiner Ostring,1428,48.8208218,9.2450637,,Burgholzstraße,1491,48.8218355,9.2099915,,0,,0.0,,,,,,,,,,,,,,,,,,,,,,,,,,,,,,,,,,,,,,,,,,,,,,,,,,,,,,,,,,,,,,,,,,,,,,,,,,,,,,,,,,,,,,2240,,16,224,,,115,,,,,,,,,,,,,,,,,,,,,,,,,,,,,,,4.0,Sicher,,,,,Baden-Württemberg,52.3,0.8,25880,bezirk_estimated,115,445.0,8653.6,224,864.9,Stuttgart,2240,8653.6,16,61.8,40,153.0,2026-04-06,jedeschule.codefor.de,4971121660575.0,Stuttgart,"Beiermeister, Ralf",Stuttgart,2,0,12,2,4.3,8,1,13,"2024,2023,2022",232,0,Kostenfrei (öffentliche Schule)
STG-P-0035,Grundschule Burgholzhof,primary,Grundschule,Öffentlich,,James-F.-Byrnes-Str. 3,70376,Bad Cannstatt,Bad Cannstatt,4971121621190.0,poststelle@04165797.schule.bwl.de,http://www.grundschule-burgholzhof.de,,,,,,,,,,,,,,,,,,N/A,,,,,,,,,,48.81695,9.18924,jedeschule.codefor.de + Stuttgart Schulwegweiser PDF,,,,,,,Unfallatlas,Stuttgart Nordbahnhof,1473,48.80373,9.188064,,Stuttgart-Zuffenhausen,2135,48.8295258,9.16721,,U-Bahn (48.8321),2140,48.8321247,9.171266,,Pragsattel,935,48.8095572,9.1831651,,Löwentor,956,48.8083697,9.190087,,Züricher Straße,1068,48.8104611,9.1999936,,Yitzhak-Rabin-Straße,91,48.8162712,9.1885534,,Burgholzhof,160,48.8174316,9.1912989,,Alter Gutshof,164,48.818102,9.1906404,,27,,50.0,,,,,,,,,,,,,,,,,,,,,,,,,,,,,,,,,,,,,,,,,,,,,,,,,,,,,,,,,,,,,,,,,,,,,,,,,,,,,,,,,,,,,,10829,,77,1082,,,557,,,,,,,,,,,,,,,,,,,,,,,,,,,,,,,10.0,Belastet,,,,,Baden-Württemberg,52.3,1.4,71510,bezirk_estimated,557,778.7,15143.8,1082,1513.6,Stuttgart,10829,15143.8,77,108.2,191,267.7,2026-04-06,jedeschule.codefor.de,4971121621191.0,Stuttgart,"Zabern, Inga",Stuttgart,4,0,8,2,3.0,5,1,9,"2024,2023,2022",69,14,Kostenfrei (öffentliche Schule)
STG-P-0036,Grundschule Birkach,primary,Grundschule,Öffentlich,,Moosheimer Str. 11,70599,Plieningen,Plieningen,4971121634450.0,poststelle@04121101.schule.bwl.de,,,,,,,,,,,,,,,,,,,N/A,,,,,,,,,,48.72292,9.20665,jedeschule.codefor.de + Stuttgart Schulwegweiser PDF,,,,,,,Unfallatlas,Ruit,3541,48.7312905,9.2532278,,U-Bahn (48.7490),3984,48.7490455,9.1694659,,U-Bahn (48.7493),4016,48.7492646,9.1691988,,Landhaus,3021,48.7203961,9.165648,,EnBW City,3132,48.7117374,9.1674598,,Schelmenwasen,3154,48.707677,9.1703979,,Bus (48.7237),94,48.7236959,9.2071599,,Birkheckenstraße,94,48.7229342,9.2079319,,Bus (48.7230),97,48.7229647,9.2079692,,31,,50.0,,,,,,,,,,,,,,,,,,,,,,,,,,,,,,,,,,,,,,,,,,,,,,,,,,,,,,,,,,,,,,,,,,,,,,,,,,,,,,,,,,,,,,761,,5,76,,,39,,,,,,,,,,,,,,,,,,,,,,,,,,,,,,,1.0,Sehr sicher,,,,,Baden-Württemberg,52.3,0.5,14070,bezirk_estimated,39,278.1,5408.5,76,540.6,Stuttgart,761,5408.5,5,38.6,13,95.6,2026-04-06,jedeschule.codefor.de,4971121634451.0,Stuttgart,,Stuttgart,3,0,8,2,2.7,5,0,8,"2024,2023,2022",236,15,Kostenfrei (öffentliche Schule)
STG-P-0037,Herbert-Hoover-Schule Grundschule,primary,Grundschule,Öffentlich,,Adalbert-Sifter-Str. 50,70437,Zuffenhausen,Zuffenhausen,4971121689855.0,poststelle@04120790.schule.bwl.de,,,,,,,,,,,,,,,,,,,N/A,,,,,,,,,,48.83839,9.20823,jedeschule.codefor.de + Stuttgart Schulwegweiser PDF,,,,,,,Unfallatlas,U-Bahn (48.8321),2794,48.8321247,9.171266,,U-Bahn (48.8322),2840,48.8322288,9.1705762,,U-Bahn (48.8323),2859,48.8322673,9.1702915,,Bottroper Straße (Lessing-Schulen),1944,48.8209476,9.2100942,,Hallschlag,2262,48.818218,9.2042537,,Kelterplatz,2544,48.8296962,9.1760801,,Schnarrenberg,1781,48.8239897,9.1975898,,Münster Friedhof,1824,48.8221919,9.2042873,,Burgholzstraße,1845,48.8218355,9.2099915,,0,,0.0,,,,,,,,,,,,,,,,,,,,,,,,,,,,,,,,,,,,,,,,,,,,,,,,,,,,,,,,,,,,,,,,,,,,,,,,,,,,,,,,,,,,,,4543,,32,454,,,234,,,,,,,,,,,,,,,,,,,,,,,,,,,,,,,7.0,Durchschnittlich,,,,,Baden-Württemberg,52.3,1.1,38180,bezirk_estimated,234,611.8,11898.7,454,1189.2,Stuttgart,4543,11898.7,32,85.0,80,210.3,2026-04-06,jedeschule.codefor.de,49711842224.0,Stuttgart,"Brune, Miriam",Stuttgart,6,0,16,2,6.0,10,2,18,"2024,2023,2022",245,0,Kostenfrei (öffentliche Schule)
STG-P-0038,Vogelsangschule Grundschule,primary,Grundschule,Öffentlich,,Paulusstr. 30,70197,West,West,4971121633600.0,poststelle@04120510.schule.bwl.de,,,,,,,,,,,,,,,,,,,N/A,,,,,,,,,,48.77306,9.15036,jedeschule.codefor.de + Stuttgart Schulwegweiser PDF,,,,,,,Unfallatlas,Seyfferstraße,465,48.7699486,9.1546074,,Rotebühlstraße/Augustenstraße,479,48.7697109,9.1544685,,Rotebühlstraße,503,48.7699271,9.1553158,,Arndt-/Spittastraße,202,48.7748553,9.1507698,,Vogelsang,371,48.7746693,9.1459177,,Schwab-/Bebelstraße,406,48.7750285,9.1550291,,Herweghstraße,152,48.7718091,9.1495111,,Arndt-/Spittastraße,203,48.7747893,9.1512509,,Leipziger Platz,325,48.7701616,9.149837,,117,"40, 42, 44, 50, N10, N2",50.0,,,,,,,,,,,,,,,,,,,,,,,,,,,,,,,,,,,,,,,,,,,,,,,,,,,,,,,,,,,,,,,,,,,,,,,,,,,,,,,,,,,,,,6952,,50,695,,,357,,,,,,,,,,,,,,,,,,,,,,,,,,,,,,,8.0,Belastet,,,,,Baden-Württemberg,52.3,1.2,53560,bezirk_estimated,357,667.4,12980.4,695,1297.3,Stuttgart,6952,12980.4,50,92.7,123,229.4,2026-04-06,jedeschule.codefor.de,4971121633601.0,Stuttgart,"Lehr, Karin",Stuttgart,14,0,45,14,18.0,21,9,54,"2024,2023,2022",104,41,Kostenfrei (öffentliche Schule)
STG-P-0039,Grundschule Gaisburg,primary,Grundschule,Öffentlich,,Landhausstr. 255,70188,Ost,Ost,4971121621040.0,poststelle@04120534.schule.bwl.de,,,,,,,,,,,,,,,,,,,N/A,,,,,,,,,,48.7835,9.21764,jedeschule.codefor.de + Stuttgart Schulwegweiser PDF,,,,,,,Unfallatlas,Stuttgart Neckarpark,1956,48.7918161,9.2411731,,Bad Cannstatt,1992,48.8014069,9.2168515,,Schlossplatz,2859,48.7791984,9.1791684,,Gaisburg,133,48.7837933,9.2158815,,Wangener-/Landhausstraße,383,48.7823783,9.2225894,,Schlachthof,408,48.7871649,9.2176171,,Tal-/Landhausstraße,306,48.7848917,9.2140299,,Bus (48.7866),348,48.7866295,9.2177024,,Schlachthof,357,48.7867115,9.217646,,27,,50.0,,,,,,,,,,,,,,,,,,,,,,,,,,,,,,,,,,,,,,,,,,,,,,,,,,,,,,,,,,,,,,,,,,,,,,,,,,,,,,,,,,,,,,5857,,42,585,,,301,,,,,,,,,,,,,,,,,,,,,,,,,,,,,,,7.0,Durchschnittlich,,,,,Baden-Württemberg,52.3,1.1,49220,bezirk_estimated,301,611.8,11898.7,585,1189.2,Stuttgart,5857,11898.7,42,85.0,104,210.3,2026-04-06,jedeschule.codefor.de,4971121621041.0,Stuttgart,"Schmid, Nadine",Stuttgart,15,0,44,14,17.0,29,7,51,"2024,2023,2022",16,17,Kostenfrei (öffentliche Schule)
STG-P-0040,Hattenbühlschule Grundschule Feuerbach,primary,Grundschule,Öffentlich,,Linzer Str. 90,70469,Feuerbach,Feuerbach,4971121634380.0,poststelle@04121265.schule.bwl.de,,,,,,,,,,,,,,,,,,,N/A,,,,,,,,,,48.81692,9.15283,jedeschule.codefor.de + Stuttgart Schulwegweiser PDF,,,,,,,Unfallatlas,Stuttgart-Zuffenhausen,1753,48.8295258,9.16721,,Stuttgart Neuwirtshaus (Porscheplatz),1882,48.8338388,9.1522098,,U-Bahn (48.8323),2132,48.8322673,9.1702915,,Hohensteinstraße,1893,48.82696,9.173708,,Kirchtalstraße,2143,48.8322682,9.1705308,,Zuffenhausen Rathaus,2206,48.830574,9.1746984,,Schlotwiese,1374,48.8292776,9.1530812,,Ohmstraße,1629,48.8287621,9.1659349,,Morsestraße,1651,48.8304809,9.1620006,,0,,0.0,,,,,,,,,,,,,,,,,,,,,,,,,,,,,,,,,,,,,,,,,,,,,,,,,,,,,,,,,,,,,,,,,,,,,,,,,,,,,,,,,,,,,,3296,,24,329,,,169,,,,,,,,,,,,,,,,,,,,,,,,,,,,,,,6.0,Durchschnittlich,,,,,Baden-Württemberg,52.3,1.0,30470,bezirk_estimated,169,556.2,10817.0,329,1081.1,Stuttgart,3296,10817.0,24,77.3,58,191.2,2026-04-06,jedeschule.codefor.de,4971121634386.0,Stuttgart,"Berrer, Christine",Stuttgart,3,0,4,0,1.7,4,1,5,"2024,2023,2022",161,0,Kostenfrei (öffentliche Schule)
STG-P-0041,Grundschule Stuttgart-Heumaden,primary,Grundschule,Öffentlich,,Lange Morgen 19,70619,Sillenbuch,Sillenbuch,4971121633670.0,poststelle@04121149.schule.bwl.de,,,,,,,,,,,,,,,,,,,N/A,,,,,,,,,,48.74159,9.23181,jedeschule.codefor.de + Stuttgart Schulwegweiser PDF,,,,,,,Unfallatlas,Ruit,1944,48.7312905,9.2532278,,U-Bahn (48.7490),4646,48.7490455,9.1694659,,U-Bahn (48.7493),4669,48.7492646,9.1691988,,Ruit,1970,48.7311387,9.2535044,,Ruit Zinsholz,2784,48.7263118,9.2618863,,Parksiedlung,3471,48.7245539,9.2714752,,Ruit Horbstraße,1563,48.7312955,9.2463143,,Riedenberg,1795,48.733122,9.2109637,,Ruit Im Kapf,1800,48.7343762,9.2537759,,0,,0.0,,,,,,,,,,,,,,,,,,,,,,,,,,,,,,,,,,,,,,,,,,,,,,,,,,,,,,,,,,,,,,,,,,,,,,,,,,,,,,,,,,,,,,1365,,10,136,,,70,,,,,,,,,,,,,,,,,,,,,,,,,,,,,,,1.0,Sehr sicher,,,,,Baden-Württemberg,52.3,0.5,25240,bezirk_estimated,70,278.1,5408.5,136,540.6,Stuttgart,1365,5408.5,10,38.6,24,95.6,2026-04-06,jedeschule.codefor.de,4971121633672.0,Stuttgart,"Fix, Petra",Stuttgart,3,0,13,4,5.0,8,2,15,"2024,2023,2022",114,0,Kostenfrei (öffentliche Schule)
STG-P-0042,Wilhelm-Hauff-Schule Grundschule,primary,Grundschule,Öffentlich,,Hohentwielstr. 23,70199,Süd,Süd,4971121634100.0,poststelle@04120595.schule.bwl.de,,,,,,,,,,,,,,,,,,,N/A,,,,,,,,,,48.7641,9.15596,jedeschule.codefor.de + Stuttgart Schulwegweiser PDF,,,,,,,Unfallatlas,Seyfferstraße,605,48.7694952,9.1549125,,Rotebühlstraße/Augustenstraße,633,48.7697109,9.1544685,,Rotebühlstraße,650,48.7699271,9.1553158,,Erwin-Schoettle-Platz,332,48.7628752,9.1600896,,Bihlplatz,505,48.7602174,9.1523944,,Marienplatz,892,48.7642519,9.1681266,,Erwin-Schoettle-Platz,270,48.7628229,9.1590974,,Schickhardtschule,381,48.7657014,9.1605626,,Kelterstraße,478,48.7598866,9.1546516,,91,44,50.0,,,,,,,,,,,,,,,,,,,,,,,,,,,,,,,,,,,,,,,,,,,,,,,,,,,,,,,,,,,,,,,,,,,,,,,,,,,,,,,,,,,,,,4843,,35,484,,,249,,,,,,,,,,,,,,,,,,,,,,,,,,,,,,,6.0,Durchschnittlich,,,,,Baden-Württemberg,52.3,1.0,44770,bezirk_estimated,249,556.2,10817.0,484,1081.1,Stuttgart,4843,10817.0,35,77.3,86,191.2,2026-04-06,jedeschule.codefor.de,4971121634101.0,Stuttgart,"Schwarz, Andrea",Stuttgart,20,0,31,5,12.7,19,7,38,"2024,2023,2022",126,9,Kostenfrei (öffentliche Schule)
STG-P-0043,Grundschule Zazenhausen,primary,Grundschule,Öffentlich,,Landsknechtstr. 3,70437,Zuffenhausen,Zuffenhausen,4971121621050.0,poststelle@04120819.schule.bwl.de,,,,,,,,,,,,,,,,,,,N/A,,,,,,,,,,48.84184,9.19355,jedeschule.codefor.de + Stuttgart Schulwegweiser PDF,,,,,,,Unfallatlas,U-Bahn (48.8321),1956,48.8321247,9.171266,,U-Bahn (48.8322),1992,48.8322288,9.1705762,,U-Bahn (48.8323),2008,48.8322673,9.1702915,,Zuffenhausen Rathaus,1855,48.8306805,9.1747114,,Kelterplatz,1860,48.8296962,9.1760801,,Kirchtalstraße,1981,48.832153,9.1708307,,Albstraße,1207,48.8514486,9.1858825,413.0,Eichenweg,1246,48.850442,9.1826316,,Hornbergstraße,1342,48.8537462,9.1905109,413,0,,0.0,,,,,,,,,,,,,,,,,,,,,,,,,,,,,,,,,,,,,,,,,,,,,,,,,,,,,,,,,,,,,,,,,,,,,,,,,,,,,,,,,,,,,,4543,,32,454,,,234,,,,,,,,,,,,,,,,,,,,,,,,,,,,,,,7.0,Durchschnittlich,,,,,Baden-Württemberg,52.3,1.1,38180,bezirk_estimated,234,611.8,11898.7,454,1189.2,Stuttgart,4543,11898.7,32,85.0,80,210.3,2026-04-06,jedeschule.codefor.de,4971121621052.0,Stuttgart,"Neff, Ursula",Stuttgart,5,1,8,0,3.0,5,0,9,"2024,2023,2022",262,0,Kostenfrei (öffentliche Schule)
STG-P-0044,Kolping Freie Grundschule Stuttgart,primary,Grundschule,Privat,,Pfizerstr. 2,70184,Ost,Ost,4971121472540.0,poststelle@04318772.schule.bwl.de,http://www.kolping-grundschule.de/,,,,,,,,,,,,,,,,,,N/A,,,,,,,,,,48.77439,9.1892,jedeschule.codefor.de + Stuttgart Schulwegweiser PDF,,,,,,,Unfallatlas,Eingang Rathaus (U-Bahn),640,48.774433,9.1804719,,Rathaus,679,48.7739161,9.179959,,Schlossplatz,909,48.7791984,9.1791684,,Rathaus,691,48.7735198,9.1798691,,Schlossplatz,899,48.7788635,9.1789801,,Österreichischer Platz,1065,48.7703595,9.176011,,Rathaus,654,48.7735728,9.18036,,Schlossplatz,770,48.7776066,9.1798868,,Bus (48.7730),785,48.7729528,9.1787108,,34,,20.0,,,,,,,,,,,,,,,,,,,,,,,,,,,,,,,,,,,,,,,,,,,,,,,,,,,,,,,,,,,,,,,,,,,,,,,,,,,,,,,,,,,,,,5857,,42,585,,,301,,,,,,,,,,,,,,,,,,,,,,,,,,,,,,,7.0,Durchschnittlich,,,,,Baden-Württemberg,52.3,1.1,49220,bezirk_estimated,301,611.8,11898.7,585,1189.2,Stuttgart,5857,11898.7,42,85.0,104,210.3,2026-04-06,jedeschule.codefor.de,,Stuttgart,,Stuttgart,23,0,61,12,21.3,37,3,64,"2024,2023,2022",154,0,Privat (Details auf Schulwebsite)
STG-P-0045,Filderschule Grundschule Degerloch,primary,Grundschule,Öffentlich,,Leinfeldener Str. 61,70597,Degerloch,Degerloch,4971121698331.0,poststelle@04121125.schule.bwl.de,http://www.filderschule.de,,,,,,,,,,,,,,,,,,N/A,,,,,,,,,,48.74485,9.17063,jedeschule.codefor.de + Stuttgart Schulwegweiser PDF,,,,,,,Unfallatlas,U-Bahn (48.7485),450,48.748473,9.167888,,U-Bahn (48.7490),474,48.7490455,9.1694659,,U-Bahn (48.7493),502,48.7492646,9.1691988,,Degerloch,453,48.7485934,9.1682055,,Degerloch Albstraße,573,48.7462613,9.1631143,,Zahnradbahnhof,589,48.7500549,9.1721042,,Leinfeldener Straße,66,48.7447728,9.1697411,,Bus (48.7447),72,48.7447426,9.1696552,,Bus (48.7442),86,48.7441935,9.1699989,,54,,50.0,,,,,,,,,,,,,,,,,,,,,,,,,,,,,,,,,,,,,,,,,,,,,,,,,,,,,,,,,,,,,,,,,,,,,,,,,,,,,,,,,,,,,,1167,,8,117,,,60,,,,,,,,,,,,,,,,,,,,,,,,,,,,,,,2.0,Sehr sicher,,,,,Baden-Württemberg,52.3,0.6,17980,bezirk_estimated,60,333.7,6490.2,117,648.7,Stuttgart,1167,6490.2,8,46.4,21,114.7,2026-04-06,jedeschule.codefor.de,4971121698330.0,Stuttgart,"Widmann, Julian",Stuttgart,8,1,38,2,13.3,26,1,40,"2024,2023,2022",72,31,Kostenfrei (öffentliche Schule)
STG-P-0046,Grundschule Hofen,primary,Grundschule,Öffentlich,,Walchenseestr. 15,70378,Mühlhausen,Mühlhausen,4971121621060.0,poststelle@04120972.schule.bwl.de,http://www.grundschule-hofen.de,,,,,,,,,,,,,,,,,,N/A,,,,,,,,,,48.83383,9.2259,jedeschule.codefor.de + Stuttgart Schulwegweiser PDF,,,,,,,Unfallatlas,Sommerrain,2649,48.8152317,9.248517,,Fellbach,3613,48.820297,9.2707765,,Bad Cannstatt,3666,48.8014069,9.2168515,,Bottroper Straße (Lessing-Schulen),1841,48.8209476,9.2100942,,Hallschlag,2350,48.818218,9.2042537,,Riethmüllerhaus,2722,48.8140452,9.2039927,,Burgholzstraße,1771,48.8218355,9.2099915,,Kleiner Ostring,2015,48.8208218,9.2450637,,Münster Friedhof,2044,48.8221919,9.2042873,,0,,0.0,,,,,,,,,,,,,,,,,,,,,,,,,,,,,,,,,,,,,,,,,,,,,,,,,,,,,,,,,,,,,,,,,,,,,,,,,,,,,,,,,,,,,,2240,,16,224,,,115,,,,,,,,,,,,,,,,,,,,,,,,,,,,,,,4.0,Sicher,,,,,Baden-Württemberg,52.3,0.8,25880,bezirk_estimated,115,445.0,8653.6,224,864.9,Stuttgart,2240,8653.6,16,61.8,40,153.0,2026-04-06,jedeschule.codefor.de,4971121621061.0,Stuttgart,"Zaiss, Martina",Stuttgart,9,0,16,2,6.7,10,4,20,"2024,2023,2022",140,0,Kostenfrei (öffentliche Schule)
STG-P-0047,Raiffeisen-Grundschule Feuerbach,primary,Grundschule,Öffentlich,,Dieselstr. 36,70469,Feuerbach,Feuerbach,4971169325620.0,poststelle@04317202.schule.bwl.de,,,,,,,,,,,,,,,,,,,N/A,,,,,,,,,,48.813474,9.176695,jedeschule.codefor.de + Stuttgart Schulwegweiser PDF,,,,,,,Unfallatlas,Stuttgart Nordbahnhof,1366,48.80373,9.188064,,Stuttgart-Zuffenhausen,1915,48.8295258,9.16721,,U-Bahn (48.8321),2112,48.8321247,9.171266,,Pragsattel,644,48.8095572,9.1831651,,Löwentor,1049,48.8078423,9.1881896,,Löwentorbrücke,1190,48.8037563,9.1835069,,Pragsattel,582,48.8095352,9.1819347,,Robert-Bosch-Krankenhaus,734,48.8150799,9.1864131,,Albert-Luthuli-Platz,798,48.8157049,9.1870501,,14,,20.0,,,,,,,,,,,,,,,,,,,,,,,,,,,,,,,,,,,,,,,,,,,,,,,,,,,,,,,,,,,,,,,,,,,,,,,,,,,,,,,,,,,,,,3296,,24,329,,,169,,,,,,,,,,,,,,,,,,,,,,,,,,,,,,,6.0,Durchschnittlich,,,,,Baden-Württemberg,52.3,1.0,30470,bezirk_estimated,169,556.2,10817.0,329,1081.1,Stuttgart,3296,10817.0,24,77.3,58,191.2,2026-04-06,jedeschule.codefor.de,4971169325622.0,Stuttgart,,Stuttgart,30,0,94,5,34.3,63,9,103,"2024,2023,2022",92,0,Kostenfrei (öffentliche Schule)
STG-P-0048,Maria-Montessori-Schule Grundschule Hausen,primary,Grundschule,Privat,,Fasanengarten 9,70499,Weilimdorf,Weilimdorf,4971121657130.0,poststelle@04164859.schule.bwl.de,http://mmgh.de,,,,,,,,,,,,,,,,,,N/A,,,,,,,,,,48.81695,9.08601,jedeschule.codefor.de + Stuttgart Schulwegweiser PDF,,,,,,,Unfallatlas,Weilimdorf,841,48.822086,9.0944331,,Ditzingen,1549,48.8235995,9.0674255,,Korntal Gymnasium,2454,48.8305386,9.1124214,,Giebel,1598,48.8026421,9.0881059,,Breitwiesen,1622,48.8024969,9.0829832,,Salamanderweg,1677,48.8026381,9.0932442,,Mönsheimer Weg,38,48.8167928,9.0864785,,Gerlinger Straße,268,48.8145544,9.0864566,,Weilemer Pfad,296,48.8167661,9.0900384,,35,,50.0,,,,,,,,,,,,,,,,,,,,,,,,,,,,,,,,,,,,,,,,,,,,,,,,,,,,,,,,,,,,,,,,,,,,,,,,,,,,,,,,,,,,,,2521,,18,252,,,130,,,,,,,,,,,,,,,,,,,,,,,,,,,,,,,3.0,Sehr sicher,,,,,Baden-Württemberg,52.3,0.7,33290,bezirk_estimated,130,389.3,7571.9,252,756.8,Stuttgart,2521,7571.9,18,54.1,45,133.8,2026-04-06,jedeschule.codefor.de,4971121657140.0,Stuttgart,"Conradt, Ursula",Stuttgart,0,0,5,1,1.7,4,0,5,"2024,2023,2022",285,20,Privat (Details auf Schulwebsite)
STG-P-0049,Grundschule Uhlbach,primary,Grundschule,Öffentlich,,Luise-Benger-Str. 10,70329,Obertürkheim,Obertürkheim,4971121633580.0,poststelle@04121095.schule.bwl.de,,,,,,,,,,,,,,,,,,,N/A,,,,,,,,,,48.77513,9.28147,jedeschule.codefor.de + Stuttgart Schulwegweiser PDF,,,,,,,Unfallatlas,Stuttgart Neckarpark,3487,48.7918161,9.2411731,,Sommerrain,5071,48.8152317,9.248517,,Fellbach,5083,48.820297,9.2707765,,Fellbach Lutherkirche,3789,48.8090446,9.2764353,,Schwabenlandhalle,3830,48.8088129,9.2705702,,Brendle (Großmarkt),4068,48.781529,9.2268019,,Gartenstraße,3084,48.8028624,9.2805798,,Untertürkheimer Straße,3117,48.8027894,9.2745633,,Fellbach Eugenstraße,3146,48.8022468,9.2692402,,0,,0.0,,,,,,,,,,,,,,,,,,,,,,,,,,,,,,,,,,,,,,,,,,,,,,,,,,,,,,,,,,,,,,,,,,,,,,,,,,,,,,,,,,,,,,797,,6,80,,,41,,,,,,,,,,,,,,,,,,,,,,,,,,,,,,,3.0,Sehr sicher,,,,,Baden-Württemberg,52.3,0.7,10520,bezirk_estimated,41,389.3,7571.9,80,756.8,Stuttgart,797,7571.9,6,54.1,14,133.8,2026-04-06,jedeschule.codefor.de,4971121633581.0,Stuttgart,"Lemke, Anja",Stuttgart,0,0,2,1,0.7,1,0,2,"2024,2023,2022",38,0,Kostenfrei (öffentliche Schule)
STG-P-0050,Neuwirtshausschule Grundschule,primary,Grundschule,Öffentlich,,Syltstr. 18,70439,Stammheim,Stammheim,4971121621250.0,poststelle@04120844.schule.bwl.de,,,,,,,,,,,,,,,,,,,N/A,,,,,,,,,,48.83618,9.14396,jedeschule.codefor.de + Stuttgart Schulwegweiser PDF,,,,,,,Unfallatlas,Stuttgart Neuwirtshaus (Porscheplatz),658,48.8338388,9.1522098,,Stuttgart-Zuffenhausen,1856,48.8295258,9.16721,,Korntal,1969,48.8265137,9.1214162,,Wimpfener Straße,1265,48.8382836,9.1609494,,Heutingsheimer Straße,1321,48.8424416,9.1593042,,Salzwiesenstraße,1384,48.836378,9.1628615,,Borkumstraße (Neuwirtshaussiedlung),142,48.8349193,9.1442442,,Borkumstraße,145,48.8349049,9.1443551,,Nordsee-/Schwieberdinger Straße,205,48.8362373,9.1467567,,33,,50.0,,,,,,,,,,,,,,,,,,,,,,,,,,,,,,,,,,,,,,,,,,,,,,,,,,,,,,,,,,,,,,,,,,,,,,,,,,,,,,,,,,,,,,1092,,8,109,,,56,,,,,,,,,,,,,,,,,,,,,,,,,,,,,,,4.0,Sicher,,,,,Baden-Württemberg,52.3,0.8,12620,bezirk_estimated,56,445.0,8653.6,109,864.9,Stuttgart,1092,8653.6,8,61.8,19,153.0,2026-04-06,jedeschule.codefor.de,4971121621255.0,Stuttgart,"Saalfrank, Sibylle",Stuttgart,5,0,23,3,8.3,12,2,25,"2024,2023,2022",143,9,Kostenfrei (öffentliche Schule)
STG-P-0051,Schönbuchschule Grundschule Dürrlewang,primary,Grundschule,Öffentlich,,Dürrlewangstr. 20,70565,Vaihingen,Vaihingen,4971121634420.0,poststelle@04121204.schule.bwl.de,,,,,,,,,,,,,,,,,,,N/A,,,,,,,,,,48.71684,9.11278,jedeschule.codefor.de + Stuttgart Schulwegweiser PDF,,,,,,,Unfallatlas,Stuttgart-Rohr,336,48.7177263,9.1084072,,Stuttgart-Vaihingen,1070,48.7264626,9.1131764,,Oberaichen,1670,48.7052607,9.1272836,,Dürrlewang,432,48.7187509,9.1179017,,Lapp Kabel,836,48.7223843,9.1204675,,Vaihingen,1054,48.7262981,9.1118577,,Osterbronnstraße,213,48.7185777,9.1115651,,Rohr Bahnhof,361,48.7180355,9.1082047,,Dürrlewang,418,48.7185889,9.1178309,,48,,50.0,,,,,,,,,,,,,,,,,,,,,,,,,,,,,,,,,,,,,,,,,,,,,,,,,,,,,,,,,,,,,,,,,,,,,,,,,,,,,,,,,,,,,,3396,,24,339,,,175,,,,,,,,,,,,,,,,,,,,,,,,,,,,,,,3.0,Sehr sicher,,,,,Baden-Württemberg,52.3,0.7,44850,bezirk_estimated,175,389.3,7571.9,339,756.8,Stuttgart,3396,7571.9,24,54.1,60,133.8,2026-04-06,jedeschule.codefor.de,4971121634421.0,Stuttgart,"Reichert, Ines",Stuttgart,5,0,12,3,4.0,6,0,12,"2024,2023,2022",341,19,Kostenfrei (öffentliche Schule)
STG-P-0052,Schwabschule Grundschule,primary,Grundschule,Öffentlich,,Bebelstr. 17,70176,West,West,4971121660260.0,poststelle@04120662.schule.bwl.de,http://www.schwabschule.de,,,,,,,,,,,,,,,,,,N/A,,,,,,,,,,48.77493,9.1562,jedeschule.codefor.de + Stuttgart Schulwegweiser PDF,,,,,,,Unfallatlas,Rotebühlstraße/Reuchlinstraße,494,48.770708,9.1582767,,Rotebühlstraße/Rötestraße,496,48.7705567,9.1575639,,Ausgang Richtung Rotebühlstraße/Bus,519,48.7705653,9.1587233,,Schwab-/Bebelstraße,86,48.7750285,9.1550291,,Arndt-/Spittastraße,398,48.7748553,9.1507698,,Schloss-/Johannesstraße,449,48.7762434,9.1619877,,Schwab-/Bebelstraße,55,48.775412,9.156029,,Bismarckplatz,102,48.7740121,9.1561279,42.0,Rosenbergplatz,329,48.7778644,9.1556717,,130,"40, 42, 43, 44, N10, N2",50.0,,,,,,,,,,,,,,,,,,,,,,,,,,,,,,,,,,,,,,,,,,,,,,,,,,,,,,,,,,,,,,,,,,,,,,,,,,,,,,,,,,,,,,6952,,50,695,,,357,,,,,,,,,,,,,,,,,,,,,,,,,,,,,,,8.0,Belastet,,,,,Baden-Württemberg,52.3,1.2,53560,bezirk_estimated,357,667.4,12980.4,695,1297.3,Stuttgart,6952,12980.4,50,92.7,123,229.4,2026-04-06,jedeschule.codefor.de,4971121660263.0,Stuttgart,"Fritz, Lena",Stuttgart,18,0,61,12,22.7,27,7,68,"2024,2023,2022",12,32,Kostenfrei (öffentliche Schule)
STG-P-0053,Bachschule Grundschule Feuerbach,primary,Grundschule,Öffentlich,,Dieterlestr. 26,70469,Feuerbach,Feuerbach,4971121660470.0,poststelle@04120728.schule.bwl.de,http://www.bachschule.de,,,,,,,,,,,,,,,,,,N/A,,,,,,,,,,48.8061,9.15837,jedeschule.codefor.de + Stuttgart Schulwegweiser PDF,,,,,,,Unfallatlas,Stuttgart Nordbahnhof,2191,48.80373,9.188064,,Stuttgart-Zuffenhausen,2684,48.8295258,9.16721,,U-Bahn (48.8323),3038,48.8322673,9.1702915,,Pragsattel,1856,48.8095572,9.1831651,,Löwentorbrücke,1859,48.8037563,9.1835069,,Löwentor,2192,48.8078423,9.1881896,,Mähderklinge,1526,48.794441,9.14739,,Pragsattel,1767,48.8095352,9.1819347,,Löwentorbrücke,1835,48.8043439,9.1832858,,0,,0.0,,,,,,,,,,,,,,,,,,,,,,,,,,,,,,,,,,,,,,,,,,,,,,,,,,,,,,,,,,,,,,,,,,,,,,,,,,,,,,,,,,,,,,3296,,24,329,,,169,,,,,,,,,,,,,,,,,,,,,,,,,,,,,,,6.0,Durchschnittlich,,,,,Baden-Württemberg,52.3,1.0,30470,bezirk_estimated,169,556.2,10817.0,329,1081.1,Stuttgart,3296,10817.0,24,77.3,58,191.2,2026-04-06,jedeschule.codefor.de,4971121660480.0,Stuttgart,"Werner, Simone",Stuttgart,8,0,31,8,11.7,19,4,35,"2024,2023,2022",169,0,Kostenfrei (öffentliche Schule)
STG-P-0054,Grundschule Mühlhausen,primary,Grundschule,Öffentlich,,Aldinger Str. 131,70378,Mühlhausen,Mühlhausen,4971121635130.0,poststelle@04120984.schule.bwl.de,,,,,,,,,,,,,,,,,,,N/A,,,,,,,,,,48.84358,9.2339,jedeschule.codefor.de + Stuttgart Schulwegweiser PDF,,,,,,,Unfallatlas,Sommerrain,3329,48.8152317,9.248517,,Fellbach,3740,48.820297,9.2707765,,Kornwestheim Personenbahnhof,4447,48.8621538,9.1800732,,Hornbach,1853,48.8569492,9.2490129,,Aldingen Mühle,2453,48.8614482,9.253568,,Bottroper Straße (Lessing-Schulen),3061,48.8209476,9.2100942,,Aldingen Hornbach,1894,48.8572724,9.2492922,,Cannstatter Straße,2224,48.8604982,9.2501242,,Aldingen Goethestraße,2234,48.8614431,9.2478775,,0,,0.0,,,,,,,,,,,,,,,,,,,,,,,,,,,,,,,,,,,,,,,,,,,,,,,,,,,,,,,,,,,,,,,,,,,,,,,,,,,,,,,,,,,,,,2240,,16,224,,,115,,,,,,,,,,,,,,,,,,,,,,,,,,,,,,,4.0,Sicher,,,,,Baden-Württemberg,52.3,0.8,25880,bezirk_estimated,115,445.0,8653.6,224,864.9,Stuttgart,2240,8653.6,16,61.8,40,153.0,2026-04-06,jedeschule.codefor.de,49711530024.0,Stuttgart,"Kühnel, Claudia",Stuttgart,9,0,21,0,7.3,12,1,22,"2024,2023,2022",184,0,Kostenfrei (öffentliche Schule)
STG-P-0055,Ameisenbergschule Grundschule,primary,Grundschule,Öffentlich,,Ameisenbergstr. 2,70188,Ost,Ost,4971121659860.0,poststelle@04120492.schule.bwl.de,http://www.ameisenbergschule.de,,,,,,,,,,,,,,,,,,N/A,,,,,,,,,,48.78413,9.19442,jedeschule.codefor.de + Stuttgart Schulwegweiser PDF,,,,,,,Unfallatlas,Schlossplatz,1245,48.7791984,9.1791684,,Friedrichsbau (Börse),1439,48.7798416,9.1758929,,Eingang Rathaus (U-Bahn),1486,48.774433,9.1804719,,Schlossplatz,1255,48.7791041,9.1790863,,Raitelsberg,1414,48.7889458,9.2122835,,Gaisburg,1548,48.7839051,9.2155437,,Schlossplatz,1288,48.7776066,9.1798868,,Raitelsberg,1400,48.7888289,9.2121413,,Kleiner Schlossplatz,1408,48.7794496,9.1765651,,0,,0.0,,,,,,,,,,,,,,,,,,,,,,,,,,,,,,,,,,,,,,,,,,,,,,,,,,,,,,,,,,,,,,,,,,,,,,,,,,,,,,,,,,,,,,5857,,42,585,,,301,,,,,,,,,,,,,,,,,,,,,,,,,,,,,,,7.0,Durchschnittlich,,,,,Baden-Württemberg,52.3,1.1,49220,bezirk_estimated,301,611.8,11898.7,585,1189.2,Stuttgart,5857,11898.7,42,85.0,104,210.3,2026-04-06,jedeschule.codefor.de,4971121659861.0,Stuttgart,"Conzelmann, Katja",Stuttgart,27,0,69,7,24.7,53,5,74,"2024,2023,2022",72,0,Kostenfrei (öffentliche Schule)
STG-P-0056,Rappachschule,primary,Grundschule,Öffentlich,,Sandbuckel 45,70499,Weilimdorf,Weilimdorf,4971121696484.0,poststelle@04120789.schule.bwl.de,http://www.rappachschule.edupage.org,,,,,,,,,,,,,,,,,,N/A,,,,,,,,,,48.80766,9.09068,jedeschule.codefor.de + Stuttgart Schulwegweiser PDF,,,,,,,Unfallatlas,Weilimdorf,1627,48.822086,9.0944331,,Ditzingen,2458,48.8235995,9.0674255,,Korntal Gymnasium,3001,48.8305386,9.1124214,,Giebel,589,48.8026421,9.0881059,,Salamanderweg,589,48.8026381,9.0932442,,Breitwiesen,805,48.8024969,9.0829832,,Rappachschule,165,48.8064739,9.0893257,,Rappachstraße,351,48.8070222,9.0859824,,Ernst-Reuter-Platz,497,48.8033058,9.0921883,,41,,50.0,,,,,,,,,,,,,,,,,,,,,,,,,,,,,,,,,,,,,,,,,,,,,,,,,,,,,,,,,,,,,,,,,,,,,,,,,,,,,,,,,,,,,,2521,,18,252,,,130,,,,,,,,,,,,,,,,,,,,,,,,,,,,,,,3.0,Sehr sicher,,,,,Baden-Württemberg,52.3,0.7,33290,bezirk_estimated,130,389.3,7571.9,252,756.8,Stuttgart,2521,7571.9,18,54.1,45,133.8,2026-04-06,jedeschule.codefor.de,4971121696485.0,Stuttgart,"Brußke, Ute",Stuttgart,4,0,11,3,4.0,6,1,12,"2024,2023,2022",281,6,Kostenfrei (öffentliche Schule)
STG-P-0057,Grundschule im Bildungshaus NeckarPark,primary,Grundschule,Öffentlich,,Eugenie-von-Soden-Weg 30,70372,Bad Cannstatt,Bad Cannstatt,,poststelle@04167307.schule.bwl.de,,,,,,,,,,,,,,,,,,,N/A,,,,,,,,,,48.79687,9.22597,jedeschule.codefor.de + Stuttgart Schulwegweiser PDF,,,,,,,Unfallatlas,Bad Cannstatt,837,48.8014069,9.2168515,,Stuttgart Neckarpark,1247,48.7918161,9.2411731,,Sommerrain,2626,48.8152317,9.248517,,NeckarPark (Stadion),366,48.7936026,9.2254144,,Cannstatter Wasen,428,48.7965168,9.2201493,,Straßenbahnmuseum,659,48.7990737,9.2176154,,Benzstraße (Ersatz),113,48.7959737,9.2266945,,NeckarPark (Stadion),359,48.7936434,9.2261713,,Veielbrunnenweg,427,48.7986016,9.2207716,,27,,50.0,,,,,,,,,,,,,,,,,,,,,,,,,,,,,,,,,,,,,,,,,,,,,,,,,,,,,,,,,,,,,,,,,,,,,,,,,,,,,,,,,,,,,,10829,,77,1082,,,557,,,,,,,,,,,,,,,,,,,,,,,,,,,,,,,10.0,Belastet,,,,,Baden-Württemberg,52.3,1.4,71510,bezirk_estimated,557,778.7,15143.8,1082,1513.6,Stuttgart,10829,15143.8,77,108.2,191,267.7,2026-04-06,jedeschule.codefor.de,,Stuttgart,,Stuttgart,15,0,45,10,15.7,16,2,47,"2024,2023,2022",117,13,Kostenfrei (öffentliche Schule)
STG-P-0058,Mühlbachhof-Grundschule,primary,Grundschule,Öffentlich,,Parlerstr. 100,70192,Nord,Nord,4971121657090.0,poststelle@04120601.schule.bwl.de,,,,,,,,,,,,,,,,,,,N/A,,,,,,,,,,48.79564,9.17174,jedeschule.codefor.de + Stuttgart Schulwegweiser PDF,,,,,,,Unfallatlas,Stuttgart Nordbahnhof,1496,48.80373,9.188064,,Friedrichsbau (Börse),1763,48.7799814,9.1755273,,Schlossplatz,1908,48.7791984,9.1791684,,Löwentorbrücke,1248,48.8037563,9.1835069,,Nordbahnhof,1550,48.8029917,9.1897176,,Pragsattel,1759,48.8095572,9.1831651,,Löwentorbrücke (Diakonie),1263,48.8038047,9.1837321,,Löwentorbrücke,1285,48.8043439,9.1832858,,Nordbahnhof,1524,48.8025995,9.1896623,,0,,0.0,,,,,,,,,,,,,,,,,,,,,,,,,,,,,,,,,,,,,,,,,,,,,,,,,,,,,,,,,,,,,,,,,,,,,,,,,,,,,,,,,,,,,,4054,,29,405,,,208,,,,,,,,,,,,,,,,,,,,,,,,,,,,,,,9.0,Belastet,,,,,Baden-Württemberg,52.3,1.3,28830,bezirk_estimated,208,723.1,14062.1,405,1405.4,Stuttgart,4054,14062.1,29,100.4,72,248.6,2026-04-06,jedeschule.codefor.de,4971121657091.0,Stuttgart,"Münzner, Jutta",Stuttgart,2,0,18,2,6.3,11,1,19,"2024,2023,2022",297,0,Kostenfrei (öffentliche Schule)
STG-P-0059,Rosenschule Grundschule Zuffenhausen,primary,Grundschule,Öffentlich,,Hohensteinstr. 25,70435,Zuffenhausen,Zuffenhausen,4971121691281.0,poststelle@04120832.schule.bwl.de,,,,,,,,,,,,,,,,,,,N/A,,,,,,,,,,48.82787,9.170288,jedeschule.codefor.de + Stuttgart Schulwegweiser PDF,,,,,,,Unfallatlas,Stuttgart-Zuffenhausen,291,48.8295258,9.16721,,U-Bahn (48.8321),478,48.8321247,9.171266,,U-Bahn (48.8322),485,48.8322288,9.1705762,,Hohensteinstraße,270,48.82696,9.173708,,Zuffenhausen Rathaus,441,48.830574,9.1746984,,Kelterplatz,470,48.8296962,9.1760801,,Zuffenhausen Bf,200,48.829349,9.1687342,,Hohensteinstraße,253,48.8272391,9.1736061,,Frankenstraße,290,48.8258295,9.1727524,,58,,50.0,,,,,,,,,,,,,,,,,,,,,,,,,,,,,,,,,,,,,,,,,,,,,,,,,,,,,,,,,,,,,,,,,,,,,,,,,,,,,,,,,,,,,,4543,,32,454,,,234,,,,,,,,,,,,,,,,,,,,,,,,,,,,,,,7.0,Durchschnittlich,,,,,Baden-Württemberg,52.3,1.1,38180,bezirk_estimated,234,611.8,11898.7,454,1189.2,Stuttgart,4543,11898.7,32,85.0,80,210.3,2026-04-06,jedeschule.codefor.de,4971121691282.0,Stuttgart,"Kirchmann, Katrin",Stuttgart,19,1,58,10,21.0,37,4,63,"2024,2023,2022",84,37,Kostenfrei (öffentliche Schule)
STG-P-0060,Johannes-Brenz-Schule Priv. Evangelische Grundschule,primary,Grundschule,Öffentlich,,Hohe Str. 11,70174,Mitte,Mitte,49711222656.0,poststelle@04311236.schule.bwl.de,,,,,,,,,,,,,,,,,,,N/A,,,,,,,,,,48.77697,9.16955,jedeschule.codefor.de + Stuttgart Schulwegweiser PDF,,,,,,,Unfallatlas,Rotebühlplatz,202,48.7755541,9.1712823,,Stuttgart Stadtmitte,260,48.7761945,9.1728998,,Stadtmitte,305,48.7774893,9.1736401,,Berliner Platz (Hohe Straße),76,48.7771517,9.168557,,Berliner Platz (Liederhalle),175,48.778496,9.1689635,,Rotebühlplatz,365,48.7744652,9.1727667,,Berliner Platz (Hohe Straße),72,48.777221,9.1686443,,Bus (48.7756),189,48.7756156,9.1711177,,Rotebühlplatz,190,48.7755901,9.1710681,,131,"43, N2",75.0,,,,,,,,,,,,,,,,,,,,,,,,,,,,,,,,,,,,,,,,,,,,,,,,,,,,,,,,,,,,,,,,,,,,,,,,,,,,,,,,,,,,,,6539,,47,654,,,336,,,,,,,,,,,,,,,,,,,,,,,,,,,,,,,11.0,Stark belastet,,,,,Baden-Württemberg,52.3,2.5,24180,bezirk_estimated,336,1390.5,27042.5,654,2702.8,Stuttgart,6539,27042.5,47,193.2,116,478.0,2026-04-06,jedeschule.codefor.de,497112226588.0,Stuttgart,,Stuttgart,60,0,121,20,44.7,83,13,134,"2024,2023,2022",35,45,Kostenfrei (öffentliche Schule)
STG-P-0061,Luginslandschule Grundschule,primary,Grundschule,Öffentlich,,Margaretenstr. 71,70327,Untertürkheim,Untertürkheim,4971121692370.0,poststelle@04121022.schule.bwl.de,http://www.luginslandschule.de,,,,,,,,,,,,,,,,,,N/A,,,,,,,,,,48.79006,9.2526,jedeschule.codefor.de + Stuttgart Schulwegweiser PDF,,,,,,,Unfallatlas,Stuttgart Neckarpark,860,48.7918161,9.2411731,,Sommerrain,2815,48.8152317,9.248517,,Bad Cannstatt,2907,48.8014069,9.2168515,,Kienbachstraße,1702,48.7996452,9.2344818,,NeckarPark (Stadion),2030,48.7936026,9.2254144,,Brendle (Großmarkt),2115,48.781529,9.2268019,,Neckarpark (Mercedes-Benz),917,48.7922023,9.2405114,,Bus (48.7868),1080,48.7868125,9.2387077,,Mercedes-Benz Welt,1311,48.7888813,9.2347983,,5,,10.0,,,,,,,,,,,,,,,,,,,,,,,,,,,,,,,,,,,,,,,,,,,,,,,,,,,,,,,,,,,,,,,,,,,,,,,,,,,,,,,,,,,,,,1658,,12,166,,,85,,,,,,,,,,,,,,,,,,,,,,,,,,,,,,,5.0,Sicher,,,,,Baden-Württemberg,52.3,0.9,17030,bezirk_estimated,85,500.6,9735.3,166,973.0,Stuttgart,1658,9735.3,12,69.5,29,172.1,2026-04-06,jedeschule.codefor.de,4971121692371.0,Stuttgart,"Kuhlmann, Imke",Stuttgart,4,0,14,1,5.0,10,1,15,"2024,2023,2022",209,0,Kostenfrei (öffentliche Schule)
STG-P-0062,Kirchhalden-Grundschule Botnang,primary,Grundschule,Öffentlich,,Corelliweg 7,70195,Botnang,Botnang,4971121634130.0,poststelle@04120698.schule.bwl.de,http://www.kirchhaldenschule-botnang.de,,,,,,,,,,,,,,,,,,N/A,,,,,,,,,,48.78178,9.12584,jedeschule.codefor.de + Stuttgart Schulwegweiser PDF,,,,,,,Unfallatlas,Seyfferstraße,2485,48.7699486,9.1546074,,Rotebühlstraße/Augustenstraße,2490,48.7697109,9.1544685,,Rotebühlstraße,2530,48.7699271,9.1553158,,Eltinger Straße,292,48.7792397,9.1268686,,Botnang,450,48.7786,9.1220463,,Millöckerstraße,526,48.7794218,9.1320614,,Händelstraße,264,48.7805687,9.1289448,,Eltinger Straße,275,48.7793501,9.1265164,,Marktplatz / BW Bank,328,48.7788915,9.1249502,,48,91,50.0,,,,,,,,,,,,,,,,,,,,,,,,,,,,,,,,,,,,,,,,,,,,,,,,,,,,,,,,,,,,,,,,,,,,,,,,,,,,,,,,,,,,,,940,,7,94,,,48,,,,,,,,,,,,,,,,,,,,,,,,,,,,,,,2.0,Sehr sicher,,,,,Baden-Württemberg,52.3,0.6,14480,bezirk_estimated,48,333.7,6490.2,94,648.7,Stuttgart,940,6490.2,7,46.4,17,114.7,2026-04-06,jedeschule.codefor.de,4971121634131.0,Stuttgart,"Della Latta, Martina",Stuttgart,12,0,31,10,11.3,22,3,34,"2024,2023,2022",222,20,Kostenfrei (öffentliche Schule)
STG-P-0063,Sommerrainschule Grundschule,primary,Grundschule,Öffentlich,,Edelweißweg 11,70374,Bad Cannstatt,Bad Cannstatt,4971121634900.0,poststelle@04120959.schule.bwl.de,,,,,,,,,,,,,,,,,,,N/A,,,,,,,,,,48.8152,9.2395,jedeschule.codefor.de + Stuttgart Schulwegweiser PDF,,,,,,,Unfallatlas,Sommerrain,660,48.8152317,9.248517,,Bad Cannstatt,2259,48.8014069,9.2168515,,Fellbach,2359,48.820297,9.2707765,,Antwerpener Straße,797,48.8084538,9.2431757,,Beskidenstraße,1200,48.8102154,9.2540306,,Höhenstraße,1732,48.8118829,9.2626101,,Edelweißweg,182,48.8142101,9.2414727,,Auf der Gans,395,48.8184705,9.2415986,,Sommerrain,504,48.8150504,9.2463778,,16,,50.0,,,,,,,,,,,,,,,,,,,,,,,,,,,,,,,,,,,,,,,,,,,,,,,,,,,,,,,,,,,,,,,,,,,,,,,,,,,,,,,,,,,,,,10829,,77,1082,,,557,,,,,,,,,,,,,,,,,,,,,,,,,,,,,,,10.0,Belastet,,,,,Baden-Württemberg,52.3,1.4,71510,bezirk_estimated,557,778.7,15143.8,1082,1513.6,Stuttgart,10829,15143.8,77,108.2,191,267.7,2026-04-06,jedeschule.codefor.de,4971121634901.0,Stuttgart,"Mannl, Sandra",Stuttgart,6,0,15,1,6.3,13,4,19,"2024,2023,2022",152,7,Kostenfrei (öffentliche Schule)
STG-P-0064,Jakobschule Grundschule,primary,Grundschule,Öffentlich,,Jakobstr. 11,70182,Ost,Ost,4971121688101.0,poststelle@04120571.schule.bwl.de,http://www.jakobschule-stuttgart.de,,,,,,,,,,,,,,,,,,N/A,,,,,,,,,,48.7718,9.18147,jedeschule.codefor.de + Stuttgart Schulwegweiser PDF,,,,,,,Unfallatlas,Rathaus,185,48.7726931,9.1793345,,Eingang Rathaus (U-Bahn),302,48.774433,9.1804719,,Eingang Österreichischer Platz (U-Bahn),372,48.7711414,9.1764985,,Rathaus,224,48.7735198,9.1798691,,Österreichischer Platz,431,48.7703595,9.176011,,Rotebühlplatz,703,48.7744652,9.1727667,,Rathaus,213,48.7735728,9.18036,,Wilhelm-/Olgastraße,233,48.7697549,9.1807949,,Bus (48.7730),239,48.7729528,9.1787108,,92,,65.0,,,,,,,,,,,,,,,,,,,,,,,,,,,,,,,,,,,,,,,,,,,,,,,,,,,,,,,,,,,,,,,,,,,,,,,,,,,,,,,,,,,,,,5857,,42,585,,,301,,,,,,,,,,,,,,,,,,,,,,,,,,,,,,,7.0,Durchschnittlich,,,,,Baden-Württemberg,52.3,1.1,49220,bezirk_estimated,301,611.8,11898.7,585,1189.2,Stuttgart,5857,11898.7,42,85.0,104,210.3,2026-04-06,jedeschule.codefor.de,4971121688101.0,Stuttgart,"Dobrich-Hoier, Claudia",Stuttgart,40,0,123,25,44.7,69,11,134,"2024,2023,2022",65,23,Kostenfrei (öffentliche Schule)
STG-P-0065,Wolfbuschschule Grundschule Stuttgart,primary,Grundschule,Öffentlich,,Köstlinstr. 76,70499,Weilimdorf,Weilimdorf,4971121621260.0,poststelle@04120765.schule.bwl.de,http://www.wolfbuschschule.de,,,,,,,,,,,,,,,,,,N/A,,,,,,,,,,48.80944,9.11482,jedeschule.codefor.de + Stuttgart Schulwegweiser PDF,,,,,,,Unfallatlas,Korntal,1959,48.8265137,9.1214162,,Weilimdorf,2051,48.822086,9.0944331,,Korntal Gymnasium,2353,48.8305386,9.1124214,,Löwen-Markt,498,48.8137226,9.1128364,,Rastatter Straße,505,48.8101977,9.1080204,,Wolfbusch,726,48.8075391,9.1053391,,Rastatter Straße,465,48.8108106,9.1088207,,Bus (48.8137),477,48.8136544,9.1135903,,Löwen-Markt,479,48.8136659,9.1135709,,20,,50.0,,,,,,,,,,,,,,,,,,,,,,,,,,,,,,,,,,,,,,,,,,,,,,,,,,,,,,,,,,,,,,,,,,,,,,,,,,,,,,,,,,,,,,2521,,18,252,,,130,,,,,,,,,,,,,,,,,,,,,,,,,,,,,,,3.0,Sehr sicher,,,,,Baden-Württemberg,52.3,0.7,33290,bezirk_estimated,130,389.3,7571.9,252,756.8,Stuttgart,2521,7571.9,18,54.1,45,133.8,2026-04-06,jedeschule.codefor.de,4971121621261.0,Stuttgart,"Klingel, Petra",Stuttgart,12,0,22,0,8.3,20,3,25,"2024,2023,2022",158,6,Kostenfrei (öffentliche Schule)
